created_at	id	keywords
2020-04-22 23:56	1290377605/IEyB0m6hZ	武汉,肺炎,新冠肺炎
2020-04-22 23:38	1807366684/IEytF4Fch	武汉,肺炎,冠状病毒
2020-04-22 23:33	2730917117/IEyrzBrp6	武汉,肺炎,新冠肺炎
2020-04-22 23:23	1397307107/IEyno8BCl	武汉,肺炎,新冠肺炎
2020-04-22 23:14	2030615515/IEyjD3uaL	武汉,肺炎,冠状病毒,新冠肺炎
2020-04-22 23:06	6641618231/IEygo6l03	武汉,肺炎,新冠肺炎
2020-04-22 22:59	1752148574/IEydTwQsf	武汉,肺炎,新冠肺炎
2020-04-22 22:38	1358080031/IEy5cgo9F	武汉,肺炎,新冠肺炎
2020-04-22 22:36	2481394910/IEy4m0nCr	武汉,肺炎,新冠肺炎
2020-04-22 22:33	6077867007/IEy31vTpG	武汉,肺炎,新冠肺炎
2020-04-22 22:31	3248303924/IEy2lwg6w	武汉,肺炎
2020-04-22 22:15	1649173367/IExVUCzY1	武汉,肺炎,新冠肺炎
2020-04-22 22:14	2309363292/IExVh42Pt	武汉,肺炎
2020-04-22 22:08	2047299300/IExT3k1fd	武汉,肺炎,新冠肺炎
2020-04-22 21:57	2316271560/IExOvpLJ0	武汉,肺炎,冠状病毒,新冠肺炎
2020-04-22 21:55	5325717502/IExNTE7jE	武汉,肺炎,新冠肺炎
2020-04-22 21:51	2286386250/IExLYycr3	武汉,肺炎,冠状病毒
2020-04-22 21:49	1144559463/IExLsDzcw	武汉,肺炎,新冠肺炎
2020-04-22 21:43	3214095180/IExIIq5mJ	武汉,肺炎
2020-04-22 21:42	1855204921/IExIBBWgx	武汉,肺炎
2020-04-22 21:38	1647210043/IExGZrk1O	武汉,肺炎,新冠肺炎
2020-04-22 21:36	1684012053/IExFP4kDp	武汉,肺炎,新冠肺炎
2020-04-22 21:33	2645654357/IExEEncDz	武汉,肺炎,新冠肺炎
2020-04-22 21:32	5535014883/IExEe3FY4	武汉,肺炎,冠状病毒,新冠肺炎
2020-04-22 21:24	5325717502/IExB6fK9b	武汉,肺炎,新冠肺炎
2020-04-22 21:23	6664464558/IExAM9SeT	武汉,肺炎,新冠肺炎
2020-04-22 21:23	3919415074/IExAJe0ZE	武汉,肺炎,新冠肺炎
2020-04-22 21:23	1911630795/IExAH5FwB	武汉,肺炎,新冠肺炎
2020-04-22 21:15	5645756008/IExxoCDDO	武汉,肺炎,新冠肺炎
2020-04-22 21:12	5623271222/IExwg2rXd	武汉,肺炎,新冠肺炎
2020-04-22 21:12	3106577955/IExwfpjdp	武汉,肺炎,新冠肺炎
2020-04-22 21:04	1699526244/IExsQ7yqz	武汉,肺炎,新冠肺炎
2020-04-22 21:00	1663072851/IExregetg	武汉,肺炎,新冠肺炎
2020-04-22 20:34	6124642021/IExh0pohd	武汉,肺炎,新冠肺炎
2020-04-22 20:33	2993099575/IExgEfY5f	武汉,肺炎,新冠肺炎
2020-04-22 20:30	6009027636/IExf6fqoy	武汉,肺炎
2020-04-22 20:29	6463274146/IExeTvwOm	武汉,肺炎
2020-04-22 20:12	1720042211/IEx7KypA8	武汉,肺炎,新冠肺炎
2020-04-22 19:59	1641561812/IEx2xjCKL	武汉,肺炎,新冠肺炎
2020-04-22 19:58	6195674895/IEx2mEn6U	武汉,肺炎,新冠肺炎
2020-04-22 19:46	2172177094/IEwXnzyvg	武汉,肺炎
2020-04-22 19:40	3556125221/IEwUYpbva	武汉,肺炎,新冠肺炎
2020-04-22 19:30	2885011957/IEwR0fjh4	武汉,肺炎,新冠肺炎
2020-04-22 19:26	2673559203/IEwP7w4Li	武汉,肺炎,新冠肺炎
2020-04-22 19:22	3145486251/IEwNwvhMd	武汉,肺炎,新冠肺炎
2020-04-22 19:21	3305819203/IEwNfEBdr	武汉,肺炎,新冠肺炎
2020-04-22 19:19	2834480301/IEwMeaJC5	武汉,肺炎,新冠肺炎
2020-04-22 19:18	6501428127/IEwLQwrSC	武汉,肺炎,新冠肺炎
2020-04-22 19:15	2127460165/IEwKMm1oy	武汉,肺炎,新冠肺炎
2020-04-22 19:10	2231404404/IEwIT2Ygz	武汉,肺炎,新冠肺炎
2020-04-22 19:10	2232625672/IEwIDn5oI	武汉,肺炎,新冠肺炎
2020-04-22 18:51	1970239225/IEwB7CWaK	武汉,肺炎,新冠肺炎
2020-04-22 18:48	5857437711/IEwzFuo1A	武汉,肺炎,新冠肺炎
2020-04-22 18:40	2039753857/IEwwLB3lU	武汉,肺炎,新冠肺炎
2020-04-22 18:38	1737737970/IEwvK1Y1q	武汉,肺炎,新冠肺炎
2020-04-22 18:31	1819679547/IEwt6lAcd	武汉,肺炎,新冠肺炎
2020-04-22 18:16	1500626273/IEwmYmndE	武汉,肺炎,新冠肺炎
2020-04-22 18:08	2656274875/IEwjwo8i4	武汉,肺炎,新冠肺炎
2020-04-22 18:06	5874765680/IEwiO7aBb	武汉,肺炎,新冠肺炎
2020-04-22 18:04	2301757377/IEwhQETrt	武汉,肺炎,新冠肺炎
2020-04-22 18:00	1774057271/IEwggiOhQ	武汉,肺炎,新冠肺炎
2020-04-22 18:00	2486181921/IEwgaofUf	武汉,肺炎,新冠肺炎
2020-04-22 17:55	5610795619/IEwehC9JL	武汉,肺炎,新冠肺炎
2020-04-22 17:52	2784267757/IEwdb8vOO	武汉,肺炎,新冠肺炎
2020-04-22 17:51	2683684161/IEwcAqiSV	武汉,肺炎,新冠肺炎
2020-04-22 17:49	7334191355/IEwbUwxKE	武汉,肺炎,新冠肺炎
2020-04-22 17:41	5282240601/IEw8CCrne	武汉,肺炎,新冠肺炎
2020-04-22 17:39	1739396583/IEw7Y8QgZ	武汉,肺炎,新冠肺炎
2020-04-22 17:33	5070327157/IEw5tjPuR	武汉,肺炎,新冠肺炎
2020-04-22 17:31	1897851032/IEw4zpDdT	武汉,肺炎,新冠肺炎
2020-04-22 17:23	2115259662/IEw1rzucy	武汉,肺炎,新冠肺炎
2020-04-22 17:21	3952319369/IEw0vnLMV	武汉,肺炎,新冠肺炎
2020-04-22 17:19	3442980450/IEvZD33ya	武汉,肺炎,冠状病毒,新冠肺炎
2020-04-22 17:11	2683684161/IEvWhjlRV	武汉,肺炎,冠状病毒,新冠肺炎
2020-04-22 17:10	1968407017/IEvWb73tB	武汉,肺炎,新冠肺炎
2020-04-22 17:01	1144559463/IEvSe7rus	武汉,肺炎,新冠肺炎
2020-04-22 17:00	1826111997/IEvROpEfZ	武汉,肺炎,新冠肺炎
2020-04-22 16:56	3425978930/IEvQlojY1	武汉,肺炎,冠状病毒,新冠肺炎
2020-04-22 16:50	1881294184/IEvNK4XLV	武汉,肺炎
2020-04-22 16:49	5458739868/IEvNFBooN	武汉,肺炎,冠状病毒,新冠肺炎
2020-04-22 16:48	2210949065/IEvN3bZCw	武汉,肺炎,新冠肺炎
2020-04-22 16:47	2711977302/IEvMHmC8F	武汉,肺炎,冠状病毒
2020-04-22 16:44	2696918692/IEvLirL1k	武汉,肺炎,新冠肺炎
2020-04-22 16:37	5341241739/IEvIFktaz	武汉,肺炎,新冠肺炎
2020-04-22 16:30	1947623690/IEvFBFedR	武汉,肺炎,新冠肺炎
2020-04-22 16:27	3465566344/IEvEJ2oht	武汉,肺炎,冠状病毒,新冠肺炎
2020-04-22 16:27	2762892110/IEvEqpdIr	武汉,肺炎,新冠肺炎
2020-04-22 16:27	2597857310/IEvEq7uUj	武汉,肺炎,新冠肺炎
2020-04-22 16:24	1403611582/IEvDknAK8	武汉,肺炎,新冠肺炎
2020-04-22 16:24	2521617504/IEvDet2Bl	武汉,肺炎,新冠肺炎
2020-04-22 16:22	2875328592/IEvCzqEaK	武汉,肺炎,新冠肺炎
2020-04-22 16:17	2104669543/IEvAE4DBr	武汉,肺炎,冠状病毒,新冠肺炎
2020-04-22 16:02	2346031615/IEvulFKbT	武汉,肺炎,新冠肺炎
2020-04-22 15:42	6889451283/IEvmlhy5e	武汉,肺炎,新冠肺炎
2020-04-22 15:41	6072764854/IEvm6chD6	武汉,肺炎,冠状病毒,新冠肺炎
2020-04-22 15:41	3546633155/IEvlYfWS2	武汉,肺炎,新冠肺炎
2020-04-22 15:39	5542843172/IEvlhDwrg	武汉,肺炎,新冠肺炎
2020-04-22 15:36	3031451237/IEvjPwEeP	武汉,肺炎,冠状病毒,新冠肺炎
2020-04-22 15:35	1937187173/IEvjvt6c2	武汉,肺炎,新冠肺炎
2020-04-22 15:30	3673069175/IEvhv6x6L	武汉,肺炎,新冠肺炎
2020-04-22 15:30	3481484493/IEvhhqEbm	武汉,肺炎,新冠肺炎
2020-04-22 15:27	6524697256/IEvg2jK46	武汉,肺炎,新冠肺炎
2020-04-22 15:26	5713422924/IEvfEn24K	武汉,肺炎,新冠肺炎
2020-04-22 15:45	2096389825/IEvnxpAeW	武汉,肺炎,冠状病毒,新冠肺炎
2020-04-22 15:45	3192308400/IEvnn8ux2	武汉,肺炎,新冠肺炎
2020-04-22 15:27	6536377931/IEvg512hG	武汉,肺炎,新冠肺炎
2020-04-22 15:23	1656737654/IEveNw4e7	武汉,肺炎,新冠肺炎
2020-04-22 15:20	2055227775/IEvdxcyoj	武汉,肺炎,新冠肺炎
2020-04-22 15:16	3274822530/IEvbJdUCb	武汉,肺炎,新冠肺炎
2020-04-22 15:12	1916653155/IEvaes7hK	武汉,肺炎,新冠肺炎
2020-04-22 15:08	5474560716/IEv8DbuPs	武汉,肺炎,新冠肺炎
2020-04-22 15:07	3697271680/IEv7XvI5h	武汉,肺炎,新冠肺炎
2020-04-22 14:57	2026873597/IEv47l89e	武汉,肺炎,新冠肺炎
2020-04-22 14:57	2762770134/IEv44DAfa	武汉,肺炎,新冠肺炎
2020-04-22 14:55	2056346650/IEv3dtbVd	武汉,肺炎,新冠肺炎
2020-04-22 14:54	6072764853/IEv2E3lou	武汉,肺炎,新冠肺炎
2020-04-22 14:53	2391135893/IEv2se8jg	武汉,肺炎,新冠肺炎
2020-04-22 14:52	1943653542/IEv2bCX5m	武汉,肺炎,新冠肺炎
2020-04-22 14:52	2040160625/IEv264Eqn	武汉,肺炎,新冠肺炎
2020-04-22 14:51	3139542402/IEv1GkfGb	武汉,肺炎,新冠肺炎
2020-04-22 14:48	7019639726/IEv0C8k39	武汉,肺炎,新冠肺炎
2020-04-22 14:48	1951123110/IEv0BgGnE	武汉,肺炎,新冠肺炎
2020-04-22 14:48	6124642021/IEv0p6lLg	武汉,肺炎,新冠肺炎
2020-04-22 14:44	1735221154/IEuYUkKLA	武汉,肺炎,新冠肺炎
2020-04-22 14:44	1884711611/IEuYOs02x	武汉,肺炎,新冠肺炎
2020-04-22 14:44	1884711611/IEuYCD0Vm	武汉,肺炎,新冠肺炎
2020-04-22 14:43	1774215272/IEuYpk3YS	武汉,肺炎,新冠肺炎
2020-04-22 14:36	5361563575/IEuVInS4H	武汉,肺炎,新冠肺炎
2020-04-22 14:34	5654254535/IEuUSl4fG	武汉,肺炎,新冠肺炎
2020-04-22 14:33	1856446532/IEuUajkz2	武汉,肺炎,新冠肺炎
2020-04-22 14:30	1643971635/IEuSVev0O	武汉,肺炎,新冠肺炎
2020-04-22 14:28	5195655503/IEuSboXpS	武汉,肺炎,新冠肺炎
2020-04-22 14:24	2056346650/IEuQQ3BJq	武汉,肺炎,新冠肺炎
2020-04-22 14:22	5559711500/IEuPQDu8E	武汉,肺炎,新冠肺炎
2020-04-22 14:18	5137444822/IEuOiyTXq	武汉,肺炎,新冠肺炎
2020-04-22 14:18	1824398837/IEuO6cbHC	武汉,肺炎,新冠肺炎
2020-04-22 14:16	2705142181/IEuNzlFaC	武汉,肺炎,新冠肺炎
2020-04-22 14:15	3165876757/IEuN7CkZJ	武汉,肺炎,冠状病毒
2020-04-22 14:15	5680710460/IEuMSwzWc	武汉,肺炎,新冠肺炎
2020-04-22 14:14	2710065525/IEuMDrkB3	武汉,肺炎,新冠肺炎
2020-04-22 14:03	2253688924/IEuIafBdE	武汉,肺炎,新冠肺炎
2020-04-22 14:02	2881099692/IEuHytUio	武汉,肺炎,新冠肺炎
2020-04-22 13:57	1732739184/IEuFAp4Km	武汉,肺炎,新冠肺炎
2020-04-22 13:54	1750353804/IEuEq3QT1	武汉,肺炎,新冠肺炎
2020-04-22 13:51	1973060185/IEuDd0kq6	武汉,肺炎
2020-04-22 13:50	5184397402/IEuCIx1Yk	武汉,肺炎,新冠肺炎
2020-04-22 13:45	2726417763/IEuAYnlOO	武汉,肺炎,新冠肺炎
2020-04-22 13:40	6124642021/IEuySEIgR	武汉,肺炎,新冠肺炎
2020-04-22 13:38	3952319369/IEuxQynMx	武汉,肺炎,新冠肺炎
2020-04-22 13:24	6525780631/IEusaBZ9v	武汉,肺炎,新冠肺炎
2020-04-22 13:22	3939426052/IEurybYIb	武汉,肺炎
2020-04-22 13:17	2294175064/IEupEzdQo	武汉,肺炎,新冠肺炎
2020-04-22 13:17	2504282715/IEupokEbN	武汉,肺炎,新冠肺炎
2020-04-22 13:11	1752724344/IEun0jX7c	武汉,肺炎,新冠肺炎
2020-04-22 13:08	6649510823/IEulKAlNI	武汉,肺炎,新冠肺炎
2020-04-22 12:56	1699526244/IEugO9kb2	武汉,肺炎,新冠肺炎
2020-04-22 12:52	3815077818/IEufdbJGA	武汉,肺炎,新冠肺炎
2020-04-22 12:45	3812423123/IEucC8gNG	武汉,肺炎,新冠肺炎
2020-04-22 12:25	3312740193/IEu4xwbqm	武汉,肺炎,新冠肺炎
2020-04-22 12:23	1424512311/IEu3o36Vn	武汉,肺炎,新冠肺炎
2020-04-22 12:19	1959444680/IEu27s59R	武汉,肺炎,新冠肺炎
2020-04-22 12:15	1906881261/IEu08cmTC	武汉,肺炎,新冠肺炎
2020-04-22 12:09	5509078816/IEtXGEGKX	武汉,肺炎,新冠肺炎
2020-04-22 12:08	1895394815/IEtXyCMrJ	武汉,肺炎,冠状病毒
2020-04-22 12:02	1075019743/IEtV19x54	武汉,肺炎,新冠肺炎
2020-04-22 12:00	1924558143/IEtU218Me	武汉,肺炎,新冠肺炎
2020-04-22 11:58	1879778060/IEtTrmJJy	武汉,肺炎,新冠肺炎
2020-04-22 11:56	1248924493/IEtSKdQG8	武汉,肺炎,新冠肺炎
2020-04-22 11:46	1879778060/IEtOo8iHB	武汉,肺炎,新冠肺炎
2020-04-22 11:42	1879778060/IEtMOj04S	武汉,肺炎,新冠肺炎
2020-04-22 11:37	1827939580/IEtKI3Glo	武汉,肺炎,新冠肺炎
2020-04-22 11:35	1708533224/IEtKa0OGK	武汉,肺炎,新冠肺炎
2020-04-22 11:34	6124642021/IEtJAh6Qw	武汉,肺炎,新冠肺炎
2020-04-22 11:32	6072764798/IEtIPhMua	武汉,肺炎,新冠肺炎
2020-04-22 11:28	2710754267/IEtHolSPD	武汉,肺炎,新冠肺炎
2020-04-22 10:30	2710077380/IEtjvljVF	武汉,肺炎,新冠肺炎
2020-04-22 10:29	2852842151/IEtjgzsjT	武汉,肺炎,冠状病毒
2020-04-22 10:24	5601784498/IEth5dhhz	武汉,肺炎,新冠肺炎
2020-04-22 10:23	1774215272/IEtgJoK7K	武汉,肺炎,新冠肺炎
2020-04-22 10:21	3547513555/IEtg6nmcC	武汉,肺炎,新冠肺炎
2020-04-22 10:20	6254583261/IEtfLmHgh	武汉,肺炎,新冠肺炎
2020-04-22 10:18	1774215272/IEteF7rS4	武汉,肺炎,新冠肺炎
2020-04-22 10:04	7300946249/IEt9aaMHf	武汉,肺炎,新冠肺炎
2020-04-22 10:03	1350083092/IEt8G0dv4	武汉,肺炎,新冠肺炎
2020-04-22 10:02	5111215009/IEt8nmiB6	武汉,肺炎,冠状病毒
2020-04-22 10:02	1886131524/IEt8liVtt	武汉,肺炎,新冠肺炎
2020-04-22 10:02	5209132096/IEt8cb4XF	武汉,肺炎,新冠肺炎
2020-04-22 10:01	2799724554/IEt84sCk4	武汉,肺炎,新冠肺炎
2020-04-22 10:01	6392752458/IEt7VyFb9	武汉,肺炎,新冠肺炎
2020-04-22 09:50	2825068954/IEt3ucZuI	武汉,肺炎,新冠肺炎
2020-04-22 09:50	2049368710/IEt3gzpMo	武汉,肺炎,新冠肺炎
2020-04-22 09:47	1768470921/IEt2diqvF	武汉,肺炎,新冠肺炎
2020-04-22 09:43	5200462479/IEt0Dbl82	武汉,肺炎,新冠肺炎
2020-04-22 09:43	1893892941/IEt0sgCmn	武汉,肺炎,新冠肺炎
2020-04-22 09:40	1453874424/IEsZwBo61	武汉,肺炎
2020-04-22 09:40	7344184293/IEsZook0z	武汉,肺炎,新冠肺炎
2020-04-22 09:36	3066213245/IEsXReK9r	武汉,肺炎,新冠肺炎
2020-04-22 09:35	2089121101/IEsXzdy18	武汉,肺炎,新冠肺炎
2020-04-22 09:35	1500656357/IEsXp8hUv	武汉,肺炎,新冠肺炎
2020-04-22 09:33	1747774447/IEsWHp1hH	武汉,肺炎,新冠肺炎
2020-04-22 09:31	3910857336/IEsVOqr0G	武汉,肺炎,新冠肺炎
2020-04-22 09:28	5884880324/IEsUzE94u	武汉,肺炎,新冠肺炎
2020-04-22 09:25	6525631025/IEsTvr16f	武汉,肺炎,新冠肺炎
2020-04-22 09:25	2216791820/IEsTt6h98	武汉,肺炎,新冠肺炎
2020-04-22 09:25	1750553234/IEsT7t0fj	武汉,肺炎,新冠肺炎
2020-04-22 09:22	2345219597/IEsSi7bh8	武汉,肺炎,冠状病毒,新冠肺炎
2020-04-22 09:22	6765135520/IEsSaFF6c	武汉,肺炎,新冠肺炎
2020-04-22 09:20	1960785875/IEsR5CHdb	武汉,肺炎,新冠肺炎
2020-04-22 09:19	5620151036/IEsQS4ibQ	武汉,肺炎,新冠肺炎
2020-04-22 09:18	5338870313/IEsQBe4I4	武汉,肺炎,新冠肺炎
2020-04-22 09:17	3203380204/IEsQ484vX	武汉,肺炎,新冠肺炎
2020-04-22 09:17	6016125392/IEsQ46Nlk	武汉,肺炎,新冠肺炎
2020-04-22 09:17	6038840754/IEsQ46L77	武汉,肺炎,新冠肺炎
2020-04-22 09:17	6016142297/IEsQ46kFO	武汉,肺炎,新冠肺炎
2020-04-22 09:24	5861545546/IEsSLlagT	武汉,肺炎,新冠肺炎
2020-04-22 09:13	2638304061/IEsOzCf5C	武汉,肺炎,新冠肺炎
2020-04-22 09:13	2735973604/IEsOjnUUc	武汉,肺炎,冠状病毒
2020-04-22 09:09	5460202851/IEsMYkm3A	武汉,肺炎,新冠肺炎
2020-04-22 09:09	1720962692/IEsMJyBA7	武汉,肺炎,新冠肺炎
2020-04-22 09:08	2253688924/IEsMyBreG	武汉,肺炎,新冠肺炎
2020-04-22 09:08	2607972104/IEsMrxrXd	武汉,肺炎,新冠肺炎
2020-04-22 09:08	3208521103/IEsMnmNzr	武汉,肺炎,新冠肺炎
2020-04-22 09:08	1999404300/IEsMd3BKO	武汉,肺炎,新冠肺炎
2020-04-22 09:06	2759348142/IEsLA42wI	武汉,肺炎,新冠肺炎
2020-04-22 09:02	3671901302/IEsK72Ubd	武汉,肺炎,冠状病毒
2020-04-22 09:01	1704516774/IEsJtol7x	武汉,肺炎,新冠肺炎
2020-04-22 09:01	2726417763/IEsJo6pOG	武汉,肺炎,新冠肺炎
2020-04-22 09:00	2317794083/IEsJh3M2C	武汉,肺炎,新冠肺炎
2020-04-22 09:00	5887283037/IEsJcyqZY	武汉,肺炎,新冠肺炎
2020-04-22 08:59	1963917805/IEsISvVGS	武汉,肺炎
2020-04-22 08:57	2114709872/IEsHL5Q2j	武汉,肺炎,新冠肺炎
2020-04-22 08:55	1273985623/IEsHhclIF	武汉,肺炎
2020-04-22 08:52	1898268644/IEsFQeuyB	武汉,肺炎,新冠肺炎
2020-04-22 08:51	2759348142/IEsFqg3Nq	武汉,肺炎,冠状病毒
2020-04-22 08:49	1226097130/IEsEFhuzC	武汉,肺炎,冠状病毒,新冠肺炎
2020-04-22 08:47	3279318417/IEsDMlLj8	武汉,肺炎,新冠肺炎
2020-04-22 08:41	3195552540/IEsBk74nG	武汉,肺炎,新冠肺炎
2020-04-22 08:38	5982278942/IEsAjbbXD	武汉,肺炎,新冠肺炎
2020-04-22 08:37	3682163907/IEszZ7Uda	武汉,肺炎,新冠肺炎
2020-04-22 08:33	6315206710/IEsy7xaan	武汉,肺炎,新冠肺炎
2020-04-22 08:30	5666929142/IEsx2sRWD	武汉,肺炎
2020-04-22 08:30	5661242807/IEsx2ebWy	武汉,肺炎
2020-04-22 08:30	5775212590/IEsx1BKq5	武汉,肺炎
2020-04-22 08:48	2504690557/IEsEb9rPR	武汉,肺炎,新冠肺炎
2020-04-22 08:21	5559215404/IEsthl36L	武汉,肺炎,新冠肺炎
2020-04-22 08:20	6315206710/IEst7zdZL	武汉,肺炎,新冠肺炎
2020-04-22 08:17	1958345371/IEsrSscPU	武汉,肺炎,新冠肺炎
2020-04-22 08:17	2098765813/IEsrJkL2H	武汉,肺炎,新冠肺炎
2020-04-22 08:09	5186265158/IEsoEq1tx	武汉,肺炎,新冠肺炎
2020-04-22 08:09	1809419061/IEsoxElkv	武汉,肺炎,新冠肺炎
2020-04-22 08:02	1478950751/IEslzgtej	武汉,肺炎,新冠肺炎
2020-04-22 08:01	2064035831/IEslg1Z5a	武汉,肺炎,冠状病毒
2020-04-22 08:00	5822184763/IEskRdv0u	武汉,肺炎,新冠肺炎
2020-04-22 07:52	2723309013/IEshtFKae	武汉,肺炎,新冠肺炎
2020-04-22 07:52	2759348142/IEshndfoC	武汉,肺炎,冠状病毒,新冠肺炎
2020-04-22 07:50	2332437804/IEsgRzWRK	武汉,肺炎,新冠肺炎
2020-04-22 07:44	6579033207/IEseruyhk	武汉,肺炎,新冠肺炎
2020-04-22 07:30	1727747885/IEs8vhDdV	武汉,肺炎,新冠肺炎
2020-04-22 07:28	2710754267/IEs7Hm5nY	武汉,肺炎,新冠肺炎
2020-04-22 07:27	5251581985/IEs7fhqfq	武汉,肺炎,新冠肺炎
2020-04-22 07:15	3939417761/IEs2sAMLA	武汉,肺炎,新冠肺炎
2020-04-22 07:14	5525661902/IEs217iBb	武汉,肺炎,新冠肺炎
2020-04-22 07:14	5611046370/IEs1ZEuTm	武汉,肺炎,新冠肺炎
2020-04-22 07:13	2108237403/IEs1KxZmw	武汉,肺炎,新冠肺炎
2020-04-22 07:12	1349541437/IEs1ixh7A	武汉,肺炎,冠状病毒,新冠肺炎
2020-04-22 07:06	1939001922/IErYQCqmV	武汉,肺炎,新冠肺炎
2020-04-22 07:04	1768887245/IErXUnVjH	武汉,肺炎,新冠肺炎
2020-04-22 06:55	5542501220/IErUr03SU	武汉,肺炎,冠状病毒,新冠肺炎
2020-04-22 06:41	5683626689/IErOLmYg0	武汉,肺炎,新冠肺炎
2020-04-22 06:37	5327012700/IErMWbTSD	武汉,肺炎
2020-04-22 05:54	6316344897/IErvM6PSD	武汉,肺炎,新冠肺炎
2020-04-22 05:24	5547332390/IErjw6R7o	武汉,肺炎
2020-04-22 05:12	5930600784/IEreLeMcb	武汉,肺炎,新冠肺炎
2020-04-22 04:54	7304966593/IEr7ia9iw	武汉,肺炎
2020-04-22 04:32	5547332390/IEqYf3FpW	武汉,肺炎
2020-04-22 02:20	2181597154/IEq6CbX3p	武汉,肺炎,冠状病毒,新冠肺炎
2020-04-22 01:37	1879778060/IEpPsmrja	武汉,肺炎,新冠肺炎
2020-04-22 05:08	5552803215/IErd4hW79	武汉,肺炎,新冠肺炎
2020-04-22 00:00	1750070171/IEpbNk3UC	武汉,肺炎,新冠肺炎
2020-04-22 23:59	2072964221/IEyBXbWGx	冠状病毒
2020-04-22 23:57	2688557791/IEyBkuONi	冠状病毒
2020-04-22 23:55	2133277744/IEyAusovo	肺炎,冠状病毒,新冠肺炎
2020-04-22 23:55	6035056010/IEyAq1KFW	肺炎,冠状病毒
2020-04-22 23:53	1870858943/IEyzM7Z4Y	冠状病毒
2020-04-22 23:49	3701555977/IEyxVbZ0m	冠状病毒
2020-04-22 23:48	5306448313/IEyxAd0Ha	肺炎,冠状病毒
2020-04-22 23:47	7086871675/IEyx1nLpG	冠状病毒
2020-04-22 23:42	1589041013/IEyv5ntyv	肺炎,冠状病毒,新冠肺炎
2020-04-22 23:41	3949090376/IEyuGwPuh	冠状病毒
2020-04-22 23:40	1657987915/IEyuakA25	冠状病毒
2020-04-22 23:38	2643634621/IEytIwPwp	冠状病毒
2020-04-22 23:38	1855581965/IEytwaRRZ	冠状病毒
2020-04-22 23:38	2609488555/IEytoaQTc	冠状病毒
2020-04-22 23:37	3864620699/IEyt9oWSv	肺炎,冠状病毒
2020-04-22 23:36	6373091382/IEysChCx4	肺炎,冠状病毒,新冠肺炎
2020-04-22 23:35	5389080493/IEysoFKKh	肺炎,冠状病毒
2020-04-22 23:35	1772440677/IEysh1Pui	肺炎,冠状病毒,新冠肺炎
2020-04-22 23:33	1589041013/IEyrqsd27	肺炎,冠状病毒
2020-04-22 23:33	3864620699/IEyrkfGCn	肺炎,冠状病毒,新冠肺炎
2020-04-22 23:32	2895507131/IEyrh12vy	肺炎,冠状病毒,新冠肺炎
2020-04-22 23:32	2718279825/IEyr1legv	冠状病毒
2020-04-22 23:30	6788499283/IEyqokwSy	冠状病毒
2020-04-22 23:29	3461946614/IEypMejUX	冠状病毒
2020-04-22 23:28	1963863007/IEypv2wpA	冠状病毒
2020-04-22 23:28	5529908980/IEypk6Fhh	冠状病毒
2020-04-22 23:24	1750987934/IEynXCFsC	肺炎,冠状病毒
2020-04-22 23:20	3186188714/IEymgpcLX	冠状病毒
2020-04-22 23:19	2713736823/IEylHzvmx	冠状病毒
2020-04-22 23:15	1750987934/IEykoiwK5	肺炎,冠状病毒
2020-04-22 23:15	1251560221/IEyk1eonc	冠状病毒
2020-04-22 23:14	1750987934/IEyjByitq	肺炎,冠状病毒
2020-04-22 23:13	1275742763/IEyjlisIL	冠状病毒
2020-04-22 23:12	6424348337/IEyiTu1xm	冠状病毒
2020-04-22 23:12	7350560578/IEyiSB7x1	冠状病毒
2020-04-22 23:10	3294779367/IEyildrWU	肺炎,冠状病毒,新冠肺炎
2020-04-22 23:10	2269304351/IEyi5hYKw	冠状病毒
2020-04-22 23:10	1670738351/IEyi0yZQo	冠状病毒
2020-04-22 23:08	1805315722/IEyhu4q0p	肺炎,冠状病毒
2020-04-22 23:07	3893279630/IEygPyRO4	肺炎,冠状病毒,新冠肺炎
2020-04-22 23:07	5586090257/IEygPiHSF	冠状病毒
2020-04-22 23:03	5090806221/IEyfs9Z99	武汉,冠状病毒
2020-04-22 23:59	1829483361/IEyC1DeJN	肺炎,新冠肺炎
2020-04-22 23:59	3327385670/IEyC09Ncl	肺炎,冠状病毒,新冠肺炎
2020-04-22 23:59	2826319254/IEyBWyWRU	肺炎,新冠肺炎
2020-04-22 23:58	1637442981/IEyBMhXJY	肺炎,新冠肺炎
2020-04-22 23:58	2081933265/IEyBJkbs6	肺炎,新冠肺炎
2020-04-22 23:58	3811261522/IEyBD7Sg1	肺炎,新冠肺炎
2020-04-22 23:57	2111002390/IEyBhdffb	肺炎,新冠肺炎
2020-04-22 23:57	2133277744/IEyBd6J4K	肺炎,新冠肺炎
2020-04-22 23:57	3094370191/IEyBcc7j1	肺炎,新冠肺炎
2020-04-22 23:56	2898371051/IEyAVnIeq	肺炎,新冠肺炎
2020-04-22 23:56	2726417763/IEyAV61C2	肺炎,新冠肺炎
2020-04-22 23:56	5326444750/IEyAOhcPP	肺炎,新冠肺炎
2020-04-22 23:56	3262781072/IEyAExi1W	肺炎,新冠肺炎
2020-04-22 23:55	5706182039/IEyAi40be	肺炎,新冠肺炎
2020-04-22 23:55	1847123567/IEyAg1RqV	肺炎,新冠肺炎
2020-04-22 23:54	1284516590/IEyAa54o3	肺炎,新冠肺炎
2020-04-22 23:54	2037069973/IEyA3jiyg	肺炎,新冠肺炎
2020-04-22 23:54	5939969094/IEyA3h8T6	肺炎,新冠肺炎
2020-04-22 23:54	1750349192/IEyzQzv5K	武汉,肺炎,新冠肺炎
2020-04-22 23:53	2709473301/IEyzKmvT1	肺炎,新冠肺炎
2020-04-22 23:53	1744823950/IEyzJa9CZ	肺炎,新冠肺炎
2020-04-22 23:53	2414369130/IEyzDyzXv	肺炎,新冠肺炎
2020-04-22 23:53	3943099043/IEyzwa5vJ	肺炎,新冠肺炎
2020-04-22 23:53	2037069973/IEyzwe2Sf	肺炎,新冠肺炎
2020-04-22 23:52	5051077448/IEyzhETJH	肺炎,新冠肺炎
2020-04-22 23:52	2939628523/IEyzaAvF6	肺炎,新冠肺炎
2020-04-22 23:52	2109185642/IEyz8hKsC	肺炎,新冠肺炎
2020-04-22 23:51	2056036452/IEyySgAp0	肺炎,新冠肺炎
2020-04-22 23:51	2884100602/IEyyPEh90	肺炎,新冠肺炎
2020-04-22 23:51	1708533224/IEyyIw3Nf	肺炎,新冠肺炎
2020-04-22 23:50	3964232262/IEyytb59P	肺炎,新冠肺炎
2020-04-22 23:48	3035148925/IEyxIbUD8	肺炎,新冠肺炎
2020-04-22 23:47	5477303198/IEyxmjrlB	肺炎,新冠肺炎
2020-04-22 23:47	1708533224/IEyxkhEfi	肺炎,新冠肺炎
2020-04-22 23:47	1572394417/IEyxbmHhA	肺炎,新冠肺炎
2020-04-22 23:47	1708533224/IEyx9DuRC	肺炎,新冠肺炎
2020-04-22 23:46	1659280190/IEywQ5UMv	肺炎,新冠肺炎
2020-04-22 23:46	5134043072/IEywJ0n32	肺炎,新冠肺炎
2020-04-22 23:46	1963863007/IEywD7UfM	肺炎,新冠肺炎
2020-04-22 23:46	2703663207/IEywAaNEF	肺炎,新冠肺炎
2020-04-22 23:45	6748639078/IEywpeo08	肺炎,新冠肺炎
2020-04-22 23:45	1841662844/IEywo2k7b	肺炎,新冠肺炎
2020-04-22 23:45	7288605396/IEywl4ygC	武汉,肺炎,新冠肺炎
2020-04-22 23:44	2414755702/IEyw91mRF	肺炎,新冠肺炎
2020-04-22 23:44	1410551071/IEyvY1SJE	肺炎,新冠肺炎
2020-04-22 23:43	1659280190/IEyvw1nly	肺炎,新冠肺炎
2020-04-22 23:43	5051077448/IEyvutd2K	肺炎,新冠肺炎
2020-04-22 23:43	5647941435/IEyvoAj1a	肺炎,新冠肺炎
2020-04-22 23:42	2614787863/IEyvgjgUZ	肺炎,新冠肺炎
2020-04-22 23:42	1926909715/IEyv4vycC	肺炎,新冠肺炎
2020-04-22 23:41	5454615593/IEyuEcab6	肺炎,新冠肺炎
2020-04-22 23:41	6430536909/IEyuyjyp6	肺炎,新冠肺炎
2020-04-22 23:40	2258727970/IEyuakzMD	肺炎,新冠肺炎
2020-04-22 23:39	6124481282/IEytW8MaL	肺炎,新冠肺炎
2020-04-22 23:39	3864620699/IEytPkP6N	肺炎,冠状病毒,新冠肺炎
2020-04-22 23:39	1784473157/IEytOuitr	肺炎,新冠肺炎
2020-04-22 23:38	3391259952/IEytrqnl8	肺炎,新冠肺炎
2020-04-22 23:38	1218461955/IEytqhtNq	肺炎,新冠肺炎
2020-04-22 23:36	6392708119/IEyszCQIW	肺炎,新冠肺炎
2020-04-22 23:36	1452181131/IEyswEKaJ	肺炎,新冠肺炎
2020-04-22 23:34	1962787713/IEys6p11T	肺炎,新冠肺炎
2020-04-22 23:34	1962787713/IEyrZiv7H	肺炎,新冠肺炎
2020-04-22 23:33	6186720616/IEyrr0WLA	肺炎,新冠肺炎
2020-04-22 23:33	6352876244/IEyrqqoTL	肺炎,新冠肺炎
2020-04-22 23:32	5035338478/IEyrfcLR0	肺炎,新冠肺炎
2020-04-22 23:32	5664409818/IEyr9B7Xv	肺炎,新冠肺炎
2020-04-22 23:32	1656831930/IEyqZyr0B	肺炎,新冠肺炎
2020-04-22 23:31	1452181131/IEyqLo7cR	肺炎,新冠肺炎
2020-04-22 23:31	1864241383/IEyqI9DS1	肺炎,新冠肺炎
2020-04-22 23:31	1497087080/IEyqyCXJP	肺炎,新冠肺炎
2020-04-22 23:30	6316344897/IEyqrfDlH	肺炎,新冠肺炎
2020-04-22 23:29	3137810291/IEyq2bumL	肺炎,新冠肺炎
2020-04-22 23:29	2187724101/IEypIEIzy	肺炎,新冠肺炎
2020-04-22 23:29	1636678683/IEypHuMCZ	武汉,肺炎,新冠肺炎
2020-04-22 23:28	6368573516/IEypDATVH	肺炎,新冠肺炎
2020-04-22 23:28	1963863007/IEypD3X1v	肺炎,新冠肺炎
2020-04-22 23:28	2760871913/IEypAE84X	肺炎,新冠肺炎
2020-04-22 23:28	2760871913/IEypy0m71	肺炎,新冠肺炎
2020-04-22 23:27	5232367496/IEypg0ACu	武汉,肺炎,新冠肺炎
2020-04-22 23:26	1876980331/IEyoN3Czp	肺炎,新冠肺炎
2020-04-22 23:26	1686546714/IEyoKEF1S	肺炎,新冠肺炎
2020-04-22 23:26	1393202693/IEyoFDLJE	肺炎,新冠肺炎
2020-04-22 23:26	1737146772/IEyoCpdyY	肺炎,新冠肺炎
2020-04-22 23:24	2468640191/IEyo0heuz	肺炎,新冠肺炎
2020-04-22 23:24	2740207591/IEynQg3HK	肺炎,新冠肺炎
2020-04-22 23:24	2512481642/IEynOagxi	肺炎,新冠肺炎
2020-04-22 23:24	3884144141/IEynK1mr2	肺炎,新冠肺炎
2020-04-22 23:24	1737943044/IEynFk0qO	肺炎,新冠肺炎
2020-04-22 23:23	3055980550/IEynh2PUX	肺炎,新冠肺炎
2020-04-22 23:21	1813687067/IEymFgbdo	肺炎,新冠肺炎
2020-04-22 23:21	5091536477/IEymyqPM3	肺炎,新冠肺炎
2020-04-22 23:20	2154847924/IEymphGYJ	肺炎,新冠肺炎
2020-04-22 23:20	7208853143/IEymis5bQ	肺炎,新冠肺炎
2020-04-22 23:20	3201509481/IEymek7T8	肺炎,新冠肺炎
2020-04-22 23:20	6455177889/IEym4idCb	肺炎,新冠肺炎
2020-04-22 23:20	1960785875/IEym3o3QY	肺炎,新冠肺炎
2020-04-22 23:20	3057540037/IEym39Kpg	肺炎,新冠肺炎
2020-04-22 23:19	3753847050/IEylE3lPJ	肺炎,新冠肺炎
2020-04-22 23:18	2387353802/IEylqpGJ9	肺炎,新冠肺炎
2020-04-22 23:18	5347537335/IEylibdQM	肺炎,新冠肺炎
2020-04-22 23:17	3339957664/IEyl7faLT	肺炎,新冠肺炎
2020-04-22 23:16	3339957664/IEykOhCy7	肺炎,新冠肺炎
2020-04-22 23:16	5986411445/IEykEwH73	武汉,肺炎,新冠肺炎
2020-04-22 23:16	6166805925/IEykB0wwu	武汉,肺炎,新冠肺炎
2020-04-22 23:16	3884144141/IEykB0xMl	肺炎,新冠肺炎
2020-04-22 23:15	2978315934/IEyknqctQ	肺炎,新冠肺炎
2020-04-22 23:15	1752148574/IEykmdlm3	肺炎,新冠肺炎
2020-04-22 23:15	1809332013/IEykexyfm	肺炎,新冠肺炎
2020-04-22 23:15	1007721027/IEykaFLLM	肺炎,新冠肺炎
2020-04-22 23:15	2517950371/IEyk854wQ	肺炎,新冠肺炎
2020-04-22 23:15	2709473301/IEyk2rn7i	肺炎,新冠肺炎
2020-04-22 23:15	2709473301/IEyk1gQnJ	肺炎,新冠肺炎
2020-04-22 23:15	2375086267/IEyk1emFM	肺炎,新冠肺炎
2020-04-22 23:14	2338396864/IEyjI2d57	肺炎,新冠肺炎
2020-04-22 23:14	6261525744/IEyjGwrjz	肺炎,新冠肺炎
2020-04-22 23:13	5781008098/IEyjtylgT	肺炎,新冠肺炎
2020-04-22 23:13	1315587597/IEyjeedDg	肺炎,新冠肺炎
2020-04-22 23:12	1741801024/IEyj8hIly	肺炎,新冠肺炎
2020-04-22 23:12	5750856274/IEyj0jnVO	肺炎,新冠肺炎
2020-04-22 23:12	1663072851/IEyiWsrSy	肺炎,新冠肺炎
2020-04-22 23:12	1315587597/IEyiU5JBE	肺炎,新冠肺炎
2020-04-22 23:12	1737943044/IEyiNicHi	肺炎,新冠肺炎
2020-04-22 23:11	1910045060/IEyiLwvq7	肺炎,新冠肺炎
2020-04-22 23:11	5410953974/IEyiKFaFs	肺炎,新冠肺炎
2020-04-22 23:11	1664208502/IEyiFk8bp	肺炎,新冠肺炎
2020-04-22 23:11	1691156162/IEyiDfDML	肺炎,新冠肺炎
2020-04-22 23:11	1964054151/IEyiClNgZ	肺炎,新冠肺炎
2020-04-22 23:11	5042605035/IEyip63hl	肺炎,新冠肺炎
2020-04-22 23:11	3944849864/IEyip64jB	肺炎,新冠肺炎
2020-04-22 23:10	2394021530/IEyif3ddu	肺炎,新冠肺炎
2020-04-22 23:10	1664208502/IEyiaBeqH	肺炎,新冠肺炎
2020-04-22 23:09	5750239802/IEyhFhkno	肺炎,新冠肺炎
2020-04-22 23:09	1653603955/IEyhAe6xR	武汉,肺炎,新冠肺炎
2020-04-22 23:08	2128135947/IEyhydjui	肺炎,新冠肺炎
2020-04-22 23:08	3005830293/IEyhu2Qum	肺炎,新冠肺炎
2020-04-22 23:07	1642634100/IEygMzcvQ	肺炎,新冠肺炎
2020-04-22 23:06	2926726717/IEygI9Bty	肺炎,新冠肺炎
2020-04-22 23:06	2464262023/IEygHxRFU	肺炎,新冠肺炎
2020-04-22 23:06	2772291221/IEygv95ig	肺炎,新冠肺炎
2020-04-22 23:06	3184437562/IEygtFRfR	肺炎,新冠肺炎
2020-04-22 23:06	3793012531/IEygnb0sY	肺炎,新冠肺炎
2020-04-22 23:05	3378282684/IEyg35Nhs	肺炎,新冠肺炎
2020-04-22 23:05	1664208502/IEyfYnq8w	肺炎,冠状病毒,新冠肺炎
2020-04-22 23:04	5800325088/IEyfUuO5f	肺炎,新冠肺炎
2020-04-22 23:04	1734530730/IEyfS9KCH	肺炎,新冠肺炎
2020-04-22 23:04	3427266082/IEyfO2S4t	肺炎,新冠肺炎
2020-04-22 23:04	2427364747/IEyfNqcS1	肺炎,新冠肺炎
2020-04-22 23:04	5342267455/IEyfMyTCQ	肺炎,新冠肺炎
2020-04-22 23:04	6641618231/IEyfJ0GZo	武汉,肺炎,新冠肺炎
2020-04-22 23:04	5564927603/IEyfGnjBh	肺炎,新冠肺炎
2020-04-22 23:04	2740207591/IEyfFcd19	肺炎,新冠肺炎
2020-04-22 23:04	1720377922/IEyfDquLj	肺炎,新冠肺炎
2020-04-22 23:04	2457744294/IEyfCx8dx	肺炎,新冠肺炎
2020-04-22 23:04	1731169267/IEyfCw6P1	肺炎,新冠肺炎
2020-04-22 23:04	3427266082/IEyfB3iQZ	肺炎,新冠肺炎
2020-04-22 23:04	3326110944/IEyfA7FaZ	肺炎,新冠肺炎
2020-04-22 23:04	5392590366/IEyfzy8xm	肺炎,新冠肺炎
2020-04-22 23:04	3227186147/IEyfzz8jv	肺炎,新冠肺炎
2020-04-22 23:03	5051077448/IEyfwhpDV	肺炎,新冠肺炎
2020-04-22 23:03	1744783935/IEyfuevLB	肺炎,新冠肺炎
2020-04-22 19:42	1087244997/IEwVL7X8d	肺炎,新冠肺炎
2020-04-22 19:42	5068485203/IEwVJFgzQ	肺炎,新冠肺炎
2020-04-22 19:42	1649173367/IEwVJ3b9B	肺炎,冠状病毒,新冠肺炎
2020-04-22 19:42	1087244997/IEwVHkdDk	肺炎,新冠肺炎
2020-04-22 19:42	1087244997/IEwVDaSND	肺炎,新冠肺炎
2020-04-22 19:42	2726417763/IEwVAuCaI	肺炎,新冠肺炎
2020-04-22 19:42	3237409641/IEwVxzjHS	肺炎,新冠肺炎
2020-04-22 19:41	5476386628/IEwVxfyLZ	肺炎,新冠肺炎
2020-04-22 19:41	5097839420/IEwVvb964	肺炎,新冠肺炎
2020-04-22 19:41	2293346483/IEwVsuAQS	肺炎,新冠肺炎
2020-04-22 19:41	6548070097/IEwVr3GnS	肺炎,新冠肺炎
2020-04-22 19:41	6378188462/IEwVq8wkn	肺炎,新冠肺炎
2020-04-22 19:41	1913366611/IEwVondA7	肺炎,新冠肺炎
2020-04-22 19:41	3199495700/IEwVnsmaX	肺炎,新冠肺炎
2020-04-22 19:41	2358684504/IEwVkvFtw	肺炎,新冠肺炎
2020-04-22 19:41	6259394869/IEwVitPM0	肺炎,新冠肺炎
2020-04-22 19:41	5703799536/IEwViunpO	肺炎,新冠肺炎
2020-04-22 19:41	1497722827/IEwVgFU3f	肺炎,新冠肺炎
2020-04-22 19:41	1988438334/IEwVcz76O	肺炎,新冠肺炎
2020-04-22 19:41	2655049582/IEwVbo2BH	肺炎,新冠肺炎
2020-04-22 19:41	5396494290/IEwV8rKra	肺炎,新冠肺炎
2020-04-22 19:40	1677991972/IEwV4zQ3Q	肺炎,新冠肺炎
2020-04-22 19:40	6359678748/IEwUSaIl1	肺炎,新冠肺炎
2020-04-22 19:40	6359678748/IEwUN9w86	肺炎,新冠肺炎
2020-04-22 19:40	1934932467/IEwUMhWXy	武汉,肺炎,新冠肺炎
2020-04-22 19:40	2209929527/IEwULnX13	肺炎,新冠肺炎
2020-04-22 19:40	2288064900/IEwUKuz37	肺炎,新冠肺炎
2020-04-22 19:40	1618051664/IEwUKtoim	肺炎,新冠肺炎
2020-04-22 19:39	5332219646/IEwUDqqBD	肺炎,新冠肺炎
2020-04-22 19:39	1686546714/IEwUCwobY	肺炎,新冠肺炎
2020-04-22 19:38	5816828080/IEwUgk5xz	肺炎,新冠肺炎
2020-04-22 19:38	1774259814/IEwUbDHIZ	肺炎,新冠肺炎
2020-04-22 19:38	3219529103/IEwUbACtp	肺炎,新冠肺炎
2020-04-22 19:38	3977973716/IEwTXpwab	肺炎,新冠肺炎
2020-04-22 19:38	3979513172/IEwTX9xGT	肺炎,新冠肺炎
2020-04-22 19:38	6136547022/IEwTWySxb	肺炎,新冠肺炎
2020-04-22 19:38	1485379242/IEwTWhfXS	肺炎,新冠肺炎
2020-04-22 19:37	5828231969/IEwTTAgov	肺炎,新冠肺炎
2020-04-22 19:37	2590506090/IEwTP9G3H	肺炎,新冠肺炎
2020-04-22 19:37	6501438382/IEwTMvgzD	肺炎,新冠肺炎
2020-04-22 19:37	5324214200/IEwTGA4f6	肺炎,冠状病毒,新冠肺炎
2020-04-22 19:37	3826134173/IEwTDBKpJ	肺炎,新冠肺炎
2020-04-22 19:37	5289488345/IEwTCqEFb	肺炎,新冠肺炎
2020-04-22 19:37	5303351376/IEwTBz9tA	肺炎,新冠肺炎
2020-04-22 19:37	6510628999/IEwTB1W26	肺炎,新冠肺炎
2020-04-22 19:37	2364576793/IEwTAqbrg	肺炎,新冠肺炎
2020-04-22 19:37	5038874347/IEwTAmgXD	肺炎,新冠肺炎
2020-04-22 19:36	2635802813/IEwTq4Pvd	肺炎,新冠肺炎
2020-04-22 19:36	5134825687/IEwTpt4uO	肺炎,新冠肺炎
2020-04-22 19:36	5324214200/IEwToyOIM	肺炎,新冠肺炎
2020-04-22 19:36	6223144486/IEwTmwfIx	肺炎,新冠肺炎
2020-04-22 19:36	2376200287/IEwTlAXt3	肺炎,新冠肺炎
2020-04-22 19:36	2355935265/IEwTi6E75	肺炎,新冠肺炎
2020-04-22 19:36	3174552413/IEwTg0pKq	肺炎,新冠肺炎
2020-04-22 19:36	5643766585/IEwT9sQ9w	肺炎,新冠肺炎
2020-04-22 19:36	2376200287/IEwT8Dos0	肺炎,新冠肺炎
2020-04-22 19:36	6541469256/IEwT8j5BI	肺炎,新冠肺炎
2020-04-22 19:36	2152519810/IEwT843P5	肺炎,新冠肺炎
2020-04-22 19:35	5133081104/IEwT6hft0	肺炎,冠状病毒,新冠肺炎
2020-04-22 19:35	5523114978/IEwT1fXFC	肺炎,新冠肺炎
2020-04-22 19:35	2752685472/IEwT0jZWV	肺炎,新冠肺炎
2020-04-22 19:35	5177016806/IEwT02iKN	肺炎,新冠肺炎
2020-04-22 19:35	1642088277/IEwSUrNpF	肺炎,新冠肺炎
2020-04-22 19:35	5028440767/IEwSUqyP4	肺炎,新冠肺炎
2020-04-22 19:35	1499104401/IEwSTw8z8	肺炎,新冠肺炎
2020-04-22 19:35	6015485224/IEwSTgPuT	肺炎,新冠肺炎
2020-04-22 19:35	6505609560/IEwSSCMhm	武汉,肺炎,新冠肺炎
2020-04-22 19:35	3977973716/IEwSSDLzd	肺炎,新冠肺炎
2020-04-22 19:35	5136984169/IEwSSDN5V	肺炎,新冠肺炎
2020-04-22 19:35	5548200250/IEwSPniMq	肺炎,新冠肺炎
2020-04-22 19:35	6259394869/IEwSMqBV5	肺炎,新冠肺炎
2020-04-22 19:35	1845864154/IEwSJc0Bn	肺炎,新冠肺炎
2020-04-22 19:35	3298202727/IEwSIDna7	肺炎,新冠肺炎
2020-04-22 19:35	2230631943/IEwSIAkCA	肺炎,新冠肺炎
2020-04-22 19:35	1821499183/IEwSHoqQb	肺炎,新冠肺炎
2020-04-22 19:34	1834067805/IEwSFlTD9	肺炎,新冠肺炎
2020-04-22 19:34	2282053300/IEwSADfEP	肺炎,新冠肺炎
2020-04-22 19:34	6541469256/IEwSAE8hf	肺炎,新冠肺炎
2020-04-22 19:34	1357202220/IEwSA4JUy	肺炎,新冠肺炎
2020-04-22 19:34	2778068424/IEwSzbk5d	肺炎,新冠肺炎
2020-04-22 19:34	1847251991/IEwSyAEI5	肺炎,新冠肺炎
2020-04-22 19:34	5480759356/IEwSxoMBb	肺炎,新冠肺炎
2020-04-22 19:34	1885454921/IEwSwvo6x	肺炎,新冠肺炎
2020-04-22 19:34	2384554784/IEwSvB8PR	肺炎,新冠肺炎
2020-04-22 19:34	5887300298/IEwSvjuct	肺炎,新冠肺炎
2020-04-22 19:34	3031084391/IEwSsodzl	肺炎,新冠肺炎
2020-04-22 19:34	2427277882/IEwSs6A17	肺炎,新冠肺炎
2020-04-22 19:34	1166649952/IEwSowTqB	肺炎,新冠肺炎
2020-04-22 19:34	1849048470/IEwSk4dBn	肺炎,新冠肺炎
2020-04-22 19:34	5572134691/IEwSjvCCT	肺炎,新冠肺炎
2020-04-22 19:33	2258727970/IEwSi1AWj	肺炎,新冠肺炎
2020-04-22 19:33	2231404404/IEwShazK0	肺炎,新冠肺炎
2020-04-22 19:33	5935202142/IEwSd2HhN	肺炎,新冠肺炎
2020-04-22 19:33	5192699373/IEwSa2wMm	肺炎,新冠肺炎
2020-04-22 19:33	5664737285/IEwRWafYl	肺炎,新冠肺炎
2020-04-22 19:33	6679125442/IEwRUDibX	武汉,肺炎,冠状病毒,新冠肺炎
2020-04-22 19:33	5396094153/IEwRUpbfN	武汉,肺炎,新冠肺炎
2020-04-22 19:32	2419711391/IEwRQvvc5	肺炎,新冠肺炎
2020-04-22 19:32	7336092793/IEwRPlRzM	武汉,肺炎,新冠肺炎
2020-04-22 19:32	6320966227/IEwRMnYBu	肺炎,新冠肺炎
2020-04-22 19:32	2282053300/IEwRKkzDh	肺炎,新冠肺炎
2020-04-22 19:32	1297793283/IEwRBqTH9	肺炎,新冠肺炎
2020-04-22 19:32	5425579114/IEwRzpbSR	肺炎,新冠肺炎
2020-04-22 19:32	2617426921/IEwRvfMeg	肺炎,新冠肺炎
2020-04-22 19:31	5828231969/IEwRr9Ok2	肺炎,新冠肺炎
2020-04-22 19:31	1366920570/IEwRkC4n2	肺炎,新冠肺炎
2020-04-22 19:31	1336414712/IEwRjs3rQ	肺炎,新冠肺炎
2020-04-22 19:31	2209929527/IEwR72DTz	肺炎,新冠肺炎
2020-04-22 19:31	2114709872/IEwR69cyT	武汉,肺炎,新冠肺炎
2020-04-22 19:30	5851992701/IEwR0gB7H	肺炎,新冠肺炎
2020-04-22 19:30	7276787532/IEwQLallJ	肺炎,新冠肺炎
2020-04-22 19:30	2417817553/IEwQKAYZM	肺炎,新冠肺炎
2020-04-22 19:30	2206834243/IEwQItOLf	肺炎,新冠肺炎
2020-04-22 19:30	1736305802/IEwQIeSsM	肺炎,新冠肺炎
2020-04-22 19:30	1830055592/IEwQHlpki	武汉,肺炎,新冠肺炎
2020-04-22 19:30	1640641777/IEwQHlpdL	肺炎,新冠肺炎
2020-04-22 19:30	1707450894/IEwQHkiYh	肺炎,冠状病毒,新冠肺炎
2020-04-22 19:30	1974576991/IEwQHiGqM	肺炎,新冠肺炎
2020-04-22 19:29	2712920233/IEwQChsae	肺炎,新冠肺炎
2020-04-22 19:29	2615191830/IEwQsy96F	肺炎,新冠肺炎
2020-04-22 19:29	1697601814/IEwQnglZa	肺炎,新冠肺炎
2020-04-22 19:29	3263115530/IEwQj7qJ7	肺炎,新冠肺炎
2020-04-22 19:29	2972503342/IEwQh3ZOW	武汉,肺炎,新冠肺炎
2020-04-22 19:28	5796857011/IEwQb5Vz4	肺炎,新冠肺炎
2020-04-22 19:28	6259394869/IEwQ9kaX8	肺炎,新冠肺炎
2020-04-22 19:28	1058106635/IEwQ93BLx	肺炎,新冠肺炎
2020-04-22 19:28	3223734820/IEwQ7zIur	肺炎,新冠肺炎
2020-04-22 19:28	1906881261/IEwQ6F3ri	肺炎,新冠肺炎
2020-04-22 19:28	1960785875/IEwQ14vt0	肺炎,新冠肺炎
2020-04-22 19:28	5057010634/IEwQ0a8kV	肺炎,新冠肺炎
2020-04-22 19:28	1805672931/IEwPW3g9G	肺炎,新冠肺炎
2020-04-22 19:28	1619141763/IEwPV9NK7	肺炎,新冠肺炎
2020-04-22 19:27	1875034341/IEwPPeizm	肺炎,新冠肺炎
2020-04-22 19:27	3541891502/IEwPOFXqC	肺炎,新冠肺炎
2020-04-22 19:27	5425579114/IEwPNaDEj	肺炎,新冠肺炎
2020-04-22 19:27	1750349240/IEwPG7ClK	肺炎,新冠肺炎
2020-04-22 19:27	3199393712/IEwPEhrOY	肺炎,新冠肺炎
2020-04-22 19:27	5696592699/IEwPz1Yii	肺炎,新冠肺炎
2020-04-22 19:27	2073164750/IEwPyp23Q	肺炎,新冠肺炎
2020-04-22 19:27	6276349254/IEwPw3Z2X	肺炎,新冠肺炎
2020-04-22 19:26	5425579114/IEwPr2LkM	肺炎,新冠肺炎
2020-04-22 19:26	5389080493/IEwPm1vuJ	肺炎,新冠肺炎
2020-04-22 19:26	2726417763/IEwPlo3q2	肺炎,新冠肺炎
2020-04-22 19:26	6018574418/IEwP8Fqju	肺炎,新冠肺炎
2020-04-22 19:26	6513209358/IEwP61Elp	肺炎,新冠肺炎
2020-04-22 19:26	3500618431/IEwP4zhHQ	肺炎,新冠肺炎
2020-04-22 19:26	2705142181/IEwP33QBm	肺炎,新冠肺炎
2020-04-22 19:25	2705142181/IEwP127bj	肺炎,新冠肺炎
2020-04-22 19:25	2626597357/IEwOY3A49	肺炎,新冠肺炎
2020-04-22 19:25	3223734820/IEwOUe8GX	肺炎,新冠肺炎
2020-04-22 19:25	2643743024/IEwOTBKa8	肺炎,新冠肺炎
2020-04-22 19:25	2594829140/IEwOQFCxI	肺炎,新冠肺炎
2020-04-22 19:24	1824398837/IEwOCafTe	肺炎,新冠肺炎
2020-04-22 19:24	1681447444/IEwOB0WjZ	肺炎,新冠肺炎
2020-04-22 19:24	1824398837/IEwOucXHZ	肺炎,新冠肺炎
2020-04-22 19:24	2473595980/IEwOl6bWZ	肺炎,新冠肺炎
2020-04-22 19:24	5624398091/IEwOg2WI1	武汉,肺炎,新冠肺炎
2020-04-22 19:23	3541891502/IEwO9wyGz	肺炎,新冠肺炎
2020-04-22 19:23	1718493627/IEwO34CQM	肺炎,新冠肺炎
2020-04-22 19:23	5626402362/IEwO30ZQg	肺炎,新冠肺炎
2020-04-22 19:23	5908184802/IEwO2qKax	武汉,肺炎,新冠肺炎
2020-04-22 19:23	1763758011/IEwO1xi0F	肺炎,新冠肺炎
2020-04-22 19:23	5592538050/IEwO04d8T	肺炎,新冠肺炎
2020-04-22 19:23	1891503444/IEwNTgxbu	肺炎,新冠肺炎
2020-04-22 19:22	3541891502/IEwNLAnoq	肺炎,新冠肺炎
2020-04-22 19:22	3178482447/IEwNLkIND	肺炎,新冠肺炎
2020-04-22 19:22	1442526022/IEwNFq8h1	肺炎,新冠肺炎
2020-04-22 19:22	5127675709/IEwNBeTxb	肺炎,新冠肺炎
2020-04-22 19:21	6614112166/IEwNmuecG	肺炎,新冠肺炎
2020-04-22 19:21	1232121710/IEwNljQEj	肺炎,新冠肺炎
2020-04-22 19:21	5402260024/IEwNdisoB	肺炎,新冠肺炎
2020-04-22 19:21	2065348095/IEwNbdYwQ	肺炎,新冠肺炎
2020-04-22 19:21	2726417763/IEwN5kusi	肺炎,新冠肺炎
2020-04-22 19:21	5303222006/IEwN54gCu	肺炎,新冠肺炎
2020-04-22 19:20	5051077448/IEwMNAFuD	肺炎,新冠肺炎
2020-04-22 19:20	1401240514/IEwMKle8v	肺炎,新冠肺炎
2020-04-22 19:20	1642088277/IEwMEqBrr	肺炎,新冠肺炎
2020-04-22 19:20	3222218860/IEwMDA07q	肺炎,新冠肺炎
2020-04-22 19:20	2967529507/IEwMDxcis	肺炎,新冠肺炎
2020-04-22 19:20	2000016880/IEwMDgBkH	肺炎,新冠肺炎
2020-04-22 19:20	5182171545/IEwMC6EBQ	肺炎,新冠肺炎
2020-04-22 19:19	5872828878/IEwMBsLZl	肺炎,新冠肺炎
2020-04-22 19:19	2789194754/IEwMBvAId	肺炎,新冠肺炎
2020-04-22 19:19	1727747885/IEwMun6dO	肺炎,新冠肺炎
2020-04-22 19:19	1871721375/IEwMm9HrL	肺炎,新冠肺炎
2020-04-22 19:19	3513497581/IEwMly0hm	肺炎,新冠肺炎
2020-04-22 19:19	5594542318/IEwMh8UUu	肺炎,新冠肺炎
2020-04-22 19:19	1966191081/IEwMge46V	肺炎,新冠肺炎
2020-04-22 19:19	5584937468/IEwMf1Lv4	肺炎,新冠肺炎
2020-04-22 19:19	1642512402/IEwMdhmab	肺炎,新冠肺炎
2020-04-22 19:18	2723712731/IEwM73rTt	肺炎,新冠肺炎
2020-04-22 19:18	6004281123/IEwM3fcXM	肺炎,新冠肺炎
2020-04-22 19:17	5703799536/IEwLJa5TZ	肺炎,新冠肺炎
2020-04-22 19:17	2321615032/IEwLGapiQ	肺炎,新冠肺炎
2020-04-22 19:17	1581026535/IEwLEEUcS	肺炎,新冠肺炎
2020-04-22 19:17	2706206407/IEwLE7YHN	肺炎,新冠肺炎
2020-04-22 19:17	5523114978/IEwLAynE1	肺炎,新冠肺炎
2020-04-22 19:17	5847953388/IEwLxhyaE	肺炎,新冠肺炎
2020-04-22 19:17	7157326178/IEwLw7VDm	肺炎,新冠肺炎
2020-04-22 19:17	3158981002/IEwLs03nV	肺炎,新冠肺炎
2020-04-22 19:17	3912707918/IEwLrolTK	武汉,肺炎,新冠肺炎
2020-04-22 19:17	1712686623/IEwLrolEG	肺炎,新冠肺炎
2020-04-22 19:17	1778758223/IEwLr8ipq	肺炎,新冠肺炎
2020-04-22 19:17	2318910945/IEwLr7B8f	肺炎,新冠肺炎
2020-04-22 19:16	2009113272/IEwLc4gA9	肺炎,新冠肺炎
2020-04-22 19:16	1905628462/IEwL97wXR	肺炎,新冠肺炎
2020-04-22 19:16	3541891502/IEwL8uqpa	肺炎,新冠肺炎
2020-04-22 19:16	7276787532/IEwL42TWF	肺炎,新冠肺炎
2020-04-22 19:16	2217106561/IEwL0wB5v	肺炎,新冠肺炎
2020-04-22 19:15	2703419987/IEwKRmhmh	武汉,肺炎,新冠肺炎
2020-04-22 19:15	5558990115/IEwKMm4vy	肺炎,新冠肺炎
2020-04-22 19:15	2818807271/IEwKL7URG	肺炎,新冠肺炎
2020-04-22 19:15	2726417763/IEwKJl8ii	肺炎,新冠肺炎
2020-04-22 19:15	6192604651/IEwKCz1h6	肺炎,新冠肺炎
2020-04-22 19:15	1732112365/IEwKBnzCz	肺炎,新冠肺炎
2020-04-22 19:15	1915671961/IEwKBoZZ8	肺炎,新冠肺炎
2020-04-22 19:14	3956405694/IEwKxem3J	肺炎,新冠肺炎
2020-04-22 19:14	1891711061/IEwKwCFd8	肺炎,冠状病毒,新冠肺炎
2020-04-22 19:14	3957060848/IEwKwkYz0	肺炎,新冠肺炎
2020-04-22 19:14	5558990115/IEwKvt2Cm	肺炎,新冠肺炎
2020-04-22 19:14	1216286631/IEwKqqtfU	肺炎,新冠肺炎
2020-04-22 19:14	1668662863/IEwKnefOV	肺炎,新冠肺炎
2020-04-22 19:14	2803301701/IEwKkxlhJ	肺炎,新冠肺炎
2020-04-22 19:14	1986315821/IEwKg7GUO	肺炎,新冠肺炎
2020-04-22 19:14	2872954954/IEwKfxLZt	肺炎,新冠肺炎
2020-04-22 19:14	1959398451/IEwKfv4vM	肺炎,新冠肺炎
2020-04-22 19:13	5558990115/IEwK93DLr	肺炎,新冠肺炎
2020-04-22 19:13	1943724947/IEwK93CM2	肺炎,新冠肺炎
2020-04-22 19:13	5581676745/IEwK8rX11	武汉,肺炎,新冠肺炎
2020-04-22 19:13	2000016880/IEwJXtDtq	武汉,肺炎,新冠肺炎
2020-04-22 19:13	5487141778/IEwJWCp5W	肺炎,新冠肺炎
2020-04-22 19:13	5558990115/IEwJUvoIg	肺炎,新冠肺炎
2020-04-22 19:13	1420157965/IEwJUfVih	肺炎,新冠肺炎
2020-04-22 19:13	1967456680/IEwJQr9T6	肺炎,新冠肺炎
2020-04-22 19:12	3977845423/IEwJFdsH7	肺炎,新冠肺炎
2020-04-22 19:12	2000016880/IEwJEgMd3	武汉,肺炎,新冠肺炎
2020-04-22 19:12	2019969760/IEwJEgKuY	肺炎,新冠肺炎
2020-04-22 19:12	5558990115/IEwJD74Rl	肺炎,新冠肺炎
2020-04-22 19:12	2298162165/IEwJB4gNT	武汉,肺炎,冠状病毒
2020-04-22 19:12	3439488490/IEwJzxwcM	肺炎,新冠肺炎
2020-04-22 19:12	3710477934/IEwJwjzJS	肺炎,新冠肺炎
2020-04-22 19:12	3476018890/IEwJvryQL	肺炎,新冠肺炎
2020-04-22 19:12	2128988813/IEwJsbfyx	肺炎,新冠肺炎
2020-04-22 19:12	1763351504/IEwJq8F0j	肺炎,新冠肺炎
2020-04-22 19:12	3008419144/IEwJoDaW2	肺炎,新冠肺炎
2020-04-22 19:11	3227442510/IEwJg2TxA	肺炎,冠状病毒,新冠肺炎
2020-04-22 19:11	5558990115/IEwJexOdn	肺炎,新冠肺炎
2020-04-22 19:11	3977845423/IEwJctkgQ	肺炎,新冠肺炎
2020-04-22 19:11	2039753857/IEwJ8ocvF	肺炎,新冠肺炎
2020-04-22 19:11	1450977277/IEwJ3lGhK	肺炎,新冠肺炎
2020-04-22 19:11	3268251003/IEwIYAu3R	肺炎,新冠肺炎
2020-04-22 19:10	1680430844/IEwIMta9p	肺炎,新冠肺炎
2020-04-22 19:10	5253549570/IEwIMdc5m	肺炎,新冠肺炎
2020-04-22 19:10	1663937380/IEwIJwXHZ	肺炎,新冠肺炎
2020-04-22 19:10	2473595980/IEwIImZeg	肺炎,新冠肺炎
2020-04-22 19:10	5774515251/IEwII6s6P	肺炎,新冠肺炎
2020-04-22 19:10	2128988813/IEwIHrMiP	肺炎,新冠肺炎
2020-04-22 19:10	3541891502/IEwIHbcGN	肺炎,新冠肺炎
2020-04-22 19:10	1774057271/IEwIAnZto	肺炎,新冠肺炎
2020-04-22 19:10	6062275999/IEwIA7bBG	肺炎,新冠肺炎
2020-04-22 19:10	2815346324/IEwIzuzoZ	肺炎,新冠肺炎
2020-04-22 19:10	3237977132/IEwIztFyZ	肺炎,新冠肺炎
2020-04-22 19:10	2288064900/IEwIztEwH	肺炎,新冠肺炎
2020-04-22 19:09	2659523842/IEwIuuaYP	肺炎,新冠肺炎
2020-04-22 19:09	2128988813/IEwIoyK2u	肺炎,新冠肺炎
2020-04-22 19:09	6023315411/IEwIljbQs	肺炎,新冠肺炎
2020-04-22 19:09	3886961161/IEwIaErQL	肺炎,新冠肺炎
2020-04-22 19:08	1664176597/IEwI6yT75	肺炎,新冠肺炎
2020-04-22 19:08	2032649270/IEwI5maSM	肺炎,新冠肺炎
2020-04-22 19:08	6859583540/IEwI5lt3b	肺炎,新冠肺炎
2020-04-22 19:08	1959794771/IEwI4sKu6	肺炎,新冠肺炎
2020-04-22 19:08	3498244594/IEwI0k9uH	肺炎,新冠肺炎
2020-04-22 19:08	1371189827/IEwHLf78z	肺炎,新冠肺炎
2020-04-22 19:07	5333648671/IEwHFFJcg	肺炎,新冠肺炎
2020-04-22 19:07	3313195022/IEwHDyDAt	肺炎,新冠肺炎
2020-04-22 19:07	3858832626/IEwHD2WIb	肺炎,新冠肺炎
2020-04-22 19:07	6062275999/IEwHCrf8o	肺炎,新冠肺炎
2020-04-22 19:07	1068246700/IEwHBcsSf	肺炎,新冠肺炎
2020-04-22 19:07	2009113272/IEwHyzTy7	肺炎,新冠肺炎
2020-04-22 19:07	2708476577/IEwHvDeUE	肺炎,新冠肺炎
2020-04-22 19:07	2635824071/IEwHu9kx8	肺炎,新冠肺炎
2020-04-22 19:07	2175069984/IEwHtxCTz	肺炎,新冠肺炎
2020-04-22 19:07	1707450894/IEwHr9JPd	肺炎,冠状病毒,新冠肺炎
2020-04-22 19:06	1649173367/IEwHedfjm	肺炎,新冠肺炎
2020-04-22 19:06	1920901005/IEwHcqr4V	武汉,肺炎,新冠肺炎
2020-04-22 19:06	1177917961/IEwHaj399	肺炎,新冠肺炎
2020-04-22 19:06	7379289194/IEwH9qL0J	肺炎,新冠肺炎
2020-04-22 19:06	3185568711/IEwH77woD	肺炎,新冠肺炎
2020-04-22 19:06	3305819203/IEwGZoiy0	肺炎,新冠肺炎
2020-04-22 19:06	1638782947/IEwGXjALY	肺炎,新冠肺炎
2020-04-22 19:05	5000609535/IEwGV0zvY	肺炎,新冠肺炎
2020-04-22 19:05	5094103156/IEwGS2Eiq	肺炎,新冠肺炎
2020-04-22 19:05	6053278987/IEwGIhOds	武汉,肺炎,新冠肺炎
2020-04-22 19:05	5236615039/IEwGDwt5X	肺炎,新冠肺炎
2020-04-22 19:05	5614720583/IEwGAAmsY	肺炎,新冠肺炎
2020-04-22 19:05	2590506090/IEwGAhYQk	肺炎,新冠肺炎
2020-04-22 19:04	1844967414/IEwGnxJ4a	肺炎,新冠肺炎
2020-04-22 19:04	2218263880/IEwGmEnem	肺炎,新冠肺炎
2020-04-22 19:04	2615191830/IEwGiy4IY	肺炎,新冠肺炎
2020-04-22 19:04	6379888693/IEwGe6Xmf	肺炎,新冠肺炎
2020-04-22 19:04	3828841378/IEwGayUuY	肺炎,新冠肺炎
2020-04-22 19:04	5666920453/IEwG8xfzL	肺炎,新冠肺炎
2020-04-22 19:03	2712601544/IEwG5zmcx	肺炎,新冠肺炎
2020-04-22 19:03	5230413555/IEwG22BG9	肺炎,新冠肺炎
2020-04-22 19:03	1784473157/IEwFRnYZt	肺炎,新冠肺炎
2020-04-22 19:03	6054450374/IEwFLrFp8	肺炎,新冠肺炎
2020-04-22 19:03	6112526877/IEwFIuU8e	肺炎,新冠肺炎
2020-04-22 19:02	2084561435/IEwFHl3xO	肺炎,新冠肺炎
2020-04-22 19:02	1752971991/IEwFGpQlO	肺炎,新冠肺炎
2020-04-22 19:02	1752971991/IEwFEn6je	肺炎,新冠肺炎
2020-04-22 19:02	5931874250/IEwFvchke	武汉,肺炎,新冠肺炎
2020-04-22 19:02	2189158682/IEwFu1d9D	肺炎,新冠肺炎
2020-04-22 19:02	1891502860/IEwFsyGe1	武汉,肺炎,新冠肺炎
2020-04-22 19:02	1402324311/IEwFnfADV	肺炎,新冠肺炎
2020-04-22 19:02	2713168643/IEwFj5qtd	肺炎,新冠肺炎
2020-04-22 19:01	1008746521/IEwFbpPnk	肺炎,新冠肺炎
2020-04-22 19:01	1961718870/IEwFacQ2n	肺炎,新冠肺炎
2020-04-22 19:01	7276787532/IEwF9mr78	肺炎,新冠肺炎
2020-04-22 19:01	5228230255/IEwF66MIB	肺炎,新冠肺炎
2020-04-22 19:01	2829924090/IEwF0c0xh	肺炎,新冠肺炎
2020-04-22 19:01	1845864154/IEwEV9gZ6	肺炎,新冠肺炎
2020-04-22 19:00	3063367827/IEwEOnCDx	肺炎,新冠肺炎
2020-04-22 19:00	6526315086/IEwEMgR7B	肺炎,新冠肺炎
2020-04-22 19:00	5589090388/IEwEJkxf8	肺炎,新冠肺炎
2020-04-22 19:00	6052014138/IEwEJ4GUk	肺炎,新冠肺炎
2020-04-22 19:00	1824614725/IEwEGm6XI	肺炎,新冠肺炎
2020-04-22 19:00	5279514376/IEwEBnaTd	肺炎,新冠肺炎
2020-04-22 19:00	2411893480/IEwEyn5ER	肺炎,新冠肺炎
2020-04-22 19:00	1689230501/IEwExvmtf	肺炎,新冠肺炎
2020-04-22 19:00	1730243272/IEwExd4JY	肺炎,新冠肺炎
2020-04-22 19:00	1402977920/IEwEwlVoi	肺炎,新冠肺炎
2020-04-22 19:00	1698233740/IEwEwkjJ2	肺炎,冠状病毒
2020-04-22 19:00	1571743761/IEwEvaiVn	肺炎,新冠肺炎
2020-04-22 18:59	1497722827/IEwEuhtHb	肺炎,新冠肺炎
2020-04-22 18:59	3009368284/IEwEfdIrX	肺炎,新冠肺炎
2020-04-22 18:59	2039753857/IEwEbobBw	肺炎,冠状病毒,新冠肺炎
2020-04-22 18:59	1642088277/IEwE7dlsk	肺炎,新冠肺炎
2020-04-22 18:59	3921827770/IEwE7dm0u	肺炎,新冠肺炎
2020-04-22 18:58	1119804101/IEwE4zrR5	肺炎,新冠肺炎
2020-04-22 18:58	1931704477/IEwE0psTp	肺炎,新冠肺炎
2020-04-22 18:58	1718259005/IEwDUuRcx	肺炎,新冠肺炎
2020-04-22 18:58	3844840020/IEwDLl0Bt	肺炎,新冠肺炎
2020-04-22 18:58	3576823265/IEwDIENZd	肺炎,新冠肺炎
2020-04-22 18:57	1400607591/IEwDB2sHk	肺炎,新冠肺炎
2020-04-22 18:57	7300946249/IEwDtAfFt	肺炎,新冠肺炎
2020-04-22 18:57	6567926102/IEwDsrvUs	肺炎,新冠肺炎
2020-04-22 18:57	7300946249/IEwDq4YKE	肺炎,新冠肺炎
2020-04-22 18:57	1172045067/IEwDlntpZ	肺炎,新冠肺炎
2020-04-22 18:56	2039753857/IEwDct42W	肺炎,新冠肺炎
2020-04-22 18:56	5634013749/IEwDbhaIN	肺炎,新冠肺炎
2020-04-22 18:56	5136739626/IEwD5FbZ4	肺炎,新冠肺炎
2020-04-22 18:56	6514804395/IEwD10E9W	肺炎,新冠肺炎
2020-04-22 18:56	7276787532/IEwD06vAx	肺炎,新冠肺炎
2020-04-22 18:56	2039296051/IEwCTAMu9	肺炎,新冠肺炎
2020-04-22 18:55	3714420514/IEwCQmiNq	肺炎,新冠肺炎
2020-04-22 18:55	1323631262/IEwCKryXg	肺炎,新冠肺炎
2020-04-22 18:55	5094103156/IEwCBfDR5	武汉,肺炎,新冠肺炎
2020-04-22 18:55	6079817508/IEwCucFIM	肺炎,新冠肺炎
2020-04-22 18:54	5453190895/IEwCbwXFM	肺炎,新冠肺炎
2020-04-22 18:54	6298182292/IEwC54ySZ	肺炎,新冠肺炎
2020-04-22 18:53	6491609179/IEwC0jzOK	肺炎,新冠肺炎
2020-04-22 18:53	1254509761/IEwC0430H	肺炎,新冠肺炎
2020-04-22 18:53	5251581985/IEwBV0Lb6	肺炎,冠状病毒,新冠肺炎
2020-04-22 18:52	3243757400/IEwBDznuX	肺炎,新冠肺炎
2020-04-22 18:52	1685262231/IEwBxn2jx	肺炎,新冠肺炎
2020-04-22 18:52	5155939787/IEwBtxZRq	武汉,肺炎,新冠肺炎
2020-04-22 18:52	2203230022/IEwBnDfXe	肺炎,新冠肺炎
2020-04-22 18:52	6417904151/IEwBgfRrx	肺炎,新冠肺炎
2020-04-22 18:51	5596996697/IEwBdxcGO	肺炎,新冠肺炎
2020-04-22 18:51	1891711061/IEwBdj2OJ	肺炎,冠状病毒,新冠肺炎
2020-04-22 18:51	2430432217/IEwBa29oz	肺炎,新冠肺炎
2020-04-22 18:51	2623113551/IEwBa3sQq	肺炎,新冠肺炎
2020-04-22 18:51	1685262231/IEwBa3wFj	肺炎,新冠肺炎
2020-04-22 18:51	6788499283/IEwB97FFQ	肺炎,新冠肺炎
2020-04-22 18:51	2000082335/IEwB46SOI	肺炎,新冠肺炎
2020-04-22 18:51	3009368284/IEwB0ypY8	肺炎,新冠肺炎
2020-04-22 18:51	1685262231/IEwAU6hbP	肺炎,新冠肺炎
2020-04-22 18:51	1570308924/IEwAU4wIf	肺炎,新冠肺炎
2020-04-22 18:51	5035304660/IEwATsNCg	肺炎,新冠肺炎
2020-04-22 18:51	1951123110/IEwARpKNF	肺炎,新冠肺炎
2020-04-22 18:50	1685262231/IEwAN0BDm	肺炎,新冠肺炎
2020-04-22 18:50	5426665462/IEwAGc4O5	肺炎,新冠肺炎
2020-04-22 18:50	6054450374/IEwAEqPBg	肺炎,新冠肺炎
2020-04-22 18:50	6179517662/IEwAsBBbu	武汉,肺炎,新冠肺炎
2020-04-22 18:50	6224464042/IEwAsjUOa	肺炎,新冠肺炎
2020-04-22 18:50	3601611555/IEwAsicfC	肺炎,新冠肺炎
2020-04-22 18:50	3363163410/IEwAsibqD	肺炎,新冠肺炎
2020-04-22 18:50	1668589317/IEwAshduR	肺炎,新冠肺炎
2020-04-22 18:50	3880232790/IEwArmQL0	肺炎,新冠肺炎
2020-04-22 18:49	1649173367/IEwAnwJlj	肺炎,新冠肺炎
2020-04-22 18:49	3340559670/IEwAkzVxe	肺炎,新冠肺炎
2020-04-22 18:49	1179572853/IEwAk0DbH	肺炎,新冠肺炎
2020-04-22 18:49	3266943013/IEwAjoQuN	肺炎,新冠肺炎
2020-04-22 18:49	5887283037/IEwAhDeVk	肺炎,新冠肺炎
2020-04-22 18:49	2040160625/IEwAdcHkw	肺炎,新冠肺炎
2020-04-22 18:48	1179572853/IEwzYbLPI	肺炎,新冠肺炎
2020-04-22 18:48	5201119339/IEwzXip6g	肺炎,新冠肺炎
2020-04-22 18:48	6423839202/IEwzU2VN8	肺炎,新冠肺炎
2020-04-22 18:48	3500618431/IEwzM3RLX	肺炎,新冠肺炎
2020-04-22 18:48	1691156162/IEwzJFe10	肺炎,新冠肺炎
2020-04-22 18:48	5251581985/IEwzGFrIb	肺炎,新冠肺炎
2020-04-22 18:48	3824379125/IEwzEDXug	肺炎,新冠肺炎
2020-04-22 18:48	2619089853/IEwzECHBf	肺炎,新冠肺炎
2020-04-22 18:48	1717833412/IEwzE5SHE	肺炎,新冠肺炎
2020-04-22 18:47	5939969094/IEwzw4fds	肺炎,新冠肺炎
2020-04-22 18:47	7086871675/IEwzfv0tc	肺炎,新冠肺炎
2020-04-22 18:47	5099141752/IEwzeBEy8	武汉,肺炎,新冠肺炎
2020-04-22 18:46	3919603060/IEwzawA9m	肺炎,新冠肺炎
2020-04-22 18:46	2011938024/IEwz36Cjv	肺炎,新冠肺炎
2020-04-22 18:46	1884240070/IEwyTkKPM	肺炎,新冠肺炎
2020-04-22 18:45	2216308801/IEwyLDphN	肺炎,新冠肺炎
2020-04-22 18:45	3321075490/IEwyHfwrQ	肺炎,新冠肺炎
2020-04-22 18:45	5097220623/IEwyHfvkU	肺炎,新冠肺炎
2020-04-22 18:45	3198141792/IEwyyEQMq	肺炎,新冠肺炎
2020-04-22 18:45	2072724293/IEwyuyBC7	肺炎,新冠肺炎
2020-04-22 18:45	3564003131/IEwytkfMH	肺炎,新冠肺炎
2020-04-22 18:45	1241665274/IEwyt3IiB	肺炎,新冠肺炎
2020-04-22 18:45	1415905860/IEwysalvO	肺炎,新冠肺炎
2020-04-22 18:45	2815346324/IEwyqqOAj	肺炎,新冠肺炎
2020-04-22 18:45	1974561081/IEwyqnyVx	肺炎,新冠肺炎
2020-04-22 18:44	3321075490/IEwypfGxd	肺炎,新冠肺炎
2020-04-22 18:44	1048094137/IEwyomhMM	肺炎,新冠肺炎
2020-04-22 18:44	2013046764/IEwyo3cNv	肺炎,新冠肺炎
2020-04-22 18:44	1898495494/IEwymfJ3u	肺炎,新冠肺炎
2020-04-22 18:44	3170258947/IEwyktHpw	肺炎,新冠肺炎
2020-04-22 18:44	2000016880/IEwye0IrO	武汉,肺炎,新冠肺炎
2020-04-22 18:44	5051077448/IEwydqpgP	肺炎,新冠肺炎
2020-04-22 18:44	1630166265/IEwyblAdN	肺炎,新冠肺炎
2020-04-22 18:44	5605081121/IEwyasfbD	肺炎,新冠肺炎
2020-04-22 18:44	5112397777/IEwy9AiyU	肺炎,新冠肺炎
2020-04-22 18:44	1709286740/IEwy61W6v	肺炎,新冠肺炎
2020-04-22 18:44	5878503596/IEwy4xz6l	肺炎,新冠肺炎
2020-04-22 18:43	3253220883/IEwxY571O	肺炎,新冠肺炎
2020-04-22 18:43	6859129925/IEwxRfyp1	肺炎,新冠肺炎
2020-04-22 18:43	1784473157/IEwxPtRgB	肺炎,新冠肺炎
2020-04-22 18:43	3121959812/IEwxMehFZ	肺炎,新冠肺炎
2020-04-22 18:43	5521606430/IEwxKq6aY	肺炎,新冠肺炎
2020-04-22 18:43	5521606430/IEwxFqhAI	肺炎,新冠肺炎
2020-04-22 18:43	2712601544/IEwxEgSw8	肺炎,新冠肺炎
2020-04-22 18:43	2632236847/IEwxCbOin	肺炎,新冠肺炎
2020-04-22 18:43	6328039858/IEwxBfVIz	肺炎,冠状病毒,新冠肺炎
2020-04-22 18:42	1973967044/IEwxzcurt	肺炎,新冠肺炎
2020-04-22 18:42	1735937570/IEwxvlebH	武汉,肺炎,新冠肺炎
2020-04-22 18:42	2310663307/IEwxtCFB8	肺炎,新冠肺炎
2020-04-22 18:42	2882176692/IEwxozLFC	肺炎,新冠肺炎
2020-04-22 18:42	1800537271/IEwxoi4VQ	肺炎,新冠肺炎
2020-04-22 18:42	5573088741/IEwxmeKbo	肺炎,新冠肺炎
2020-04-22 18:42	3756311417/IEwxl3G1P	肺炎,新冠肺炎
2020-04-22 18:42	5947234120/IEwxcrriX	肺炎,新冠肺炎
2020-04-22 18:41	2166917253/IEwxb1cuz	肺炎,新冠肺炎
2020-04-22 18:41	2618630987/IEwx3iLLi	肺炎,新冠肺炎
2020-04-22 18:41	6053278987/IEwwYAsl1	肺炎,新冠肺炎
2020-04-22 18:41	1958345371/IEwwNC08B	肺炎,新冠肺炎
2020-04-22 18:40	1649173367/IEwwLxxuo	肺炎,新冠肺炎
2020-04-22 18:40	3930794463/IEwwCFbg3	肺炎,新冠肺炎
2020-04-22 18:40	1642088277/IEwwqzjnd	肺炎,新冠肺炎
2020-04-22 18:40	1995333517/IEwwqjucw	肺炎,新冠肺炎
2020-04-22 18:40	3912076973/IEwwp9yBp	肺炎,冠状病毒
2020-04-22 18:40	1036713140/IEwwp8pXT	肺炎,新冠肺炎
2020-04-22 18:39	7099697651/IEwwh9hSN	肺炎,新冠肺炎
2020-04-22 18:39	1805378092/IEwwd1qc0	肺炎,新冠肺炎
2020-04-22 18:39	2675448443/IEwwaEYvd	肺炎,新冠肺炎
2020-04-22 18:39	2815224714/IEww8x6Td	肺炎,冠状病毒,新冠肺炎
2020-04-22 18:39	3253220883/IEww513S8	肺炎,新冠肺炎
2020-04-22 18:39	2000082335/IEww2EJYS	肺炎,新冠肺炎
2020-04-22 18:39	1649173367/IEww1c1JX	肺炎,新冠肺炎
2020-04-22 18:38	2106818614/IEwvTvByS	肺炎,新冠肺炎
2020-04-22 18:38	3480498920/IEwvSkzdo	肺炎,新冠肺炎
2020-04-22 18:38	5993066766/IEwvJrX8e	肺炎,新冠肺炎
2020-04-22 18:38	2011445377/IEwvHn1Qt	武汉,肺炎,新冠肺炎
2020-04-22 18:38	5474560716/IEwvF23C0	肺炎,新冠肺炎
2020-04-22 18:37	1735848167/IEwvyuNKM	肺炎,新冠肺炎
2020-04-22 18:37	3253220883/IEwvvgvK0	肺炎,新冠肺炎
2020-04-22 18:37	1651428902/IEwvm6cjp	肺炎,新冠肺炎
2020-04-22 18:37	2339321485/IEwvm6dJY	肺炎,新冠肺炎
2020-04-22 18:37	3502957945/IEwvdesFT	肺炎,新冠肺炎
2020-04-22 18:37	3253220883/IEwva2mYe	肺炎,新冠肺炎
2020-04-22 18:37	6859129925/IEwv9Eopg	肺炎,新冠肺炎
2020-04-22 18:36	2639360335/IEwv8wnwV	肺炎,新冠肺炎
2020-04-22 18:36	5444358995/IEwv7D04N	肺炎,新冠肺炎
2020-04-22 18:36	1254509761/IEwv2iRR1	肺炎,新冠肺炎
2020-04-22 18:36	3847588988/IEwuXiO3N	肺炎,新冠肺炎
2020-04-22 18:36	2339321485/IEwuTbQ8S	肺炎,新冠肺炎
2020-04-22 18:36	2039753857/IEwuNyS1F	肺炎,新冠肺炎
2020-04-22 18:36	2011075080/IEwuNeq52	武汉,肺炎,新冠肺炎
2020-04-22 18:35	5872828878/IEwuysH78	肺炎,新冠肺炎
2020-04-22 18:35	1774259814/IEwumCxpw	肺炎,新冠肺炎
2020-04-22 18:35	5178393178/IEwumn6Oq	肺炎,新冠肺炎
2020-04-22 18:35	2533574257/IEwum2jR3	肺炎,新冠肺炎
2020-04-22 18:34	2703419987/IEwulb3sE	肺炎,新冠肺炎
2020-04-22 18:34	6079817508/IEwu6oP31	肺炎,新冠肺炎
2020-04-22 18:34	3057540037/IEwtYo2QV	肺炎,新冠肺炎
2020-04-22 18:33	1705925272/IEwtUz405	肺炎,新冠肺炎
2020-04-22 18:33	2191717575/IEwtJF7ry	肺炎,新冠肺炎
2020-04-22 18:33	6310826518/IEwtJCiMa	肺炎,新冠肺炎
2020-04-22 18:33	2414369130/IEwtI9vz4	肺炎,新冠肺炎
2020-04-22 18:33	5323498117/IEwtE2LuQ	肺炎,新冠肺炎
2020-04-22 18:33	2624024205/IEwtDq8pv	肺炎,新冠肺炎
2020-04-22 18:33	1919769503/IEwtxyeWL	武汉,肺炎,新冠肺炎
2020-04-22 18:33	2153298202/IEwtxdXCr	肺炎,新冠肺炎
2020-04-22 18:32	2183542485/IEwtt8Jd5	肺炎,新冠肺炎
2020-04-22 18:32	3373108152/IEwtm0FJU	肺炎,新冠肺炎
2020-04-22 18:32	5573432169/IEwthhuy2	肺炎,新冠肺炎
2020-04-22 18:32	1813810847/IEwtg7wtI	肺炎,新冠肺炎
2020-04-22 18:32	6605420690/IEwt8nmMo	肺炎,新冠肺炎
2020-04-22 18:31	1587739720/IEwt7tZVI	肺炎,新冠肺炎
2020-04-22 18:31	2039753857/IEwt6mAzn	肺炎,新冠肺炎
2020-04-22 18:31	1733507635/IEwsXcss3	肺炎,冠状病毒,新冠肺炎
2020-04-22 18:31	1909630683/IEwsRwWn1	肺炎,新冠肺炎
2020-04-22 18:31	2166917253/IEwsRx0lG	肺炎,冠状病毒,新冠肺炎
2020-04-22 18:31	7333554891/IEwsQ61DZ	肺炎,新冠肺炎
2020-04-22 18:31	2768491503/IEwsPsvUA	肺炎,新冠肺炎
2020-04-22 18:31	1784473157/IEwsOjfXH	肺炎,新冠肺炎
2020-04-22 18:31	1638782947/IEwsKc0uw	肺炎,新冠肺炎
2020-04-22 18:30	3500618431/IEwsuulAW	肺炎,新冠肺炎
2020-04-22 18:30	2311077472/IEwsqmAj7	肺炎,新冠肺炎
2020-04-22 18:30	5749471015/IEwsnoIP6	肺炎,新冠肺炎
2020-04-22 18:30	1732112365/IEwslkhXM	肺炎,新冠肺炎
2020-04-22 18:30	1726918143/IEwslkj82	肺炎,新冠肺炎
2020-04-22 18:30	1643971635/IEwsln3DK	肺炎,新冠肺炎
2020-04-22 18:30	1640641777/IEwsl5pwq	肺炎,新冠肺炎
2020-04-22 18:30	1919688583/IEwsl2G3u	肺炎,新冠肺炎
2020-04-22 18:30	5515689178/IEwskqX0j	肺炎,新冠肺炎
2020-04-22 18:29	3092088935/IEwshvJaH	肺炎,新冠肺炎
2020-04-22 18:29	5645539396/IEwshuftK	肺炎,新冠肺炎
2020-04-22 18:29	6084427253/IEwseiPIS	肺炎,新冠肺炎
2020-04-22 18:29	6061191887/IEwsb3jzj	肺炎,新冠肺炎
2020-04-22 18:29	3429394030/IEwsaq1a4	肺炎,新冠肺炎
2020-04-22 18:29	1748595801/IEws9hAy6	肺炎,新冠肺炎
2020-04-22 18:29	5330084470/IEwrYCeyV	肺炎,新冠肺炎
2020-04-22 18:28	1769458724/IEwrUc0Lt	肺炎,新冠肺炎
2020-04-22 18:28	2642745360/IEwrQ31nR	肺炎,新冠肺炎
2020-04-22 18:28	1769458724/IEwrN6TNQ	肺炎,新冠肺炎
2020-04-22 18:28	2388610842/IEwrMsRdC	肺炎,新冠肺炎
2020-04-22 18:28	1872005590/IEwrKp8mM	肺炎,新冠肺炎
2020-04-22 18:28	2089536157/IEwrHtbyz	肺炎,冠状病毒,新冠肺炎
2020-04-22 18:28	1898885525/IEwrzaVHW	肺炎,新冠肺炎
2020-04-22 18:28	3105824712/IEwryhAcx	肺炎,新冠肺炎
2020-04-22 18:28	6437727602/IEwrx6v40	肺炎,新冠肺炎
2020-04-22 18:27	5723899415/IEwrrbRYI	肺炎,新冠肺炎
2020-04-22 18:27	6019901301/IEwrlkohO	肺炎,新冠肺炎
2020-04-22 18:27	2628549833/IEwrliuJ9	肺炎,新冠肺炎
2020-04-22 18:26	5288345958/IEwr49kq2	肺炎,新冠肺炎
2020-04-22 18:26	1750353854/IEwr01wPp	肺炎,新冠肺炎
2020-04-22 18:26	7276787532/IEwqZ9Hki	肺炎,新冠肺炎
2020-04-22 18:26	3939417761/IEwqVjv70	肺炎,冠状病毒,新冠肺炎
2020-04-22 18:26	2118811202/IEwqLyUrs	肺炎,新冠肺炎
2020-04-22 18:26	1214199295/IEwqLwj3j	肺炎,新冠肺炎
2020-04-22 18:26	6136547022/IEwqK7dmU	肺炎,新冠肺炎
2020-04-22 18:26	5664409818/IEwqIC8QB	肺炎,新冠肺炎
2020-04-22 18:25	3203993120/IEwqyemLy	肺炎,新冠肺炎
2020-04-22 18:25	5489086583/IEwqxn9E5	肺炎,新冠肺炎
2020-04-22 18:25	1297954675/IEwqleVtT	肺炎,新冠肺炎
2020-04-22 18:25	2553604372/IEwqjufZY	肺炎,新冠肺炎
2020-04-22 18:25	1451977335/IEwqjcWaz	肺炎,新冠肺炎
2020-04-22 18:24	3468000640/IEwqf55hP	肺炎,新冠肺炎
2020-04-22 18:24	1908417784/IEwqa3QQW	肺炎,新冠肺炎
2020-04-22 18:24	1489885523/IEwpZnxFE	肺炎,新冠肺炎
2020-04-22 18:24	1356658417/IEwpWrdoi	肺炎,新冠肺炎
2020-04-22 18:24	5381412448/IEwpTbq8G	肺炎,新冠肺炎
2020-04-22 18:24	1642512402/IEwpSBy6F	肺炎,新冠肺炎
2020-04-22 18:23	2057867590/IEwpNzDbf	肺炎,新冠肺炎
2020-04-22 18:23	1009927844/IEwpHCT5X	肺炎,冠状病毒,新冠肺炎
2020-04-22 18:23	7073891355/IEwpzF36N	肺炎,新冠肺炎
2020-04-22 18:23	3243733341/IEwpwatc1	肺炎,新冠肺炎
2020-04-22 18:22	2039753857/IEwpnwRZV	肺炎,新冠肺炎
2020-04-22 18:22	1895431523/IEwplciTS	肺炎,新冠肺炎
2020-04-22 18:22	3592610884/IEwph5v1q	肺炎,新冠肺炎
2020-04-22 18:22	2039772514/IEwpcBHLZ	肺炎,新冠肺炎
2020-04-22 18:22	1667047954/IEwpck2Id	肺炎,新冠肺炎
2020-04-22 18:22	1433496763/IEwpc1Lak	肺炎,新冠肺炎
2020-04-22 18:22	1347322121/IEwp5xCbQ	肺炎,新冠肺炎
2020-04-22 18:21	1638782947/IEwp43rf5	肺炎,新冠肺炎
2020-04-22 18:21	1356658417/IEwp16Ka6	肺炎,新冠肺炎
2020-04-22 18:21	2939628523/IEwoZmxct	肺炎,新冠肺炎
2020-04-22 18:21	5281206527/IEwoXi3Ik	肺炎,新冠肺炎
2020-04-22 18:21	6078562289/IEwoWoj2H	肺炎,新冠肺炎
2020-04-22 18:21	5872960861/IEwoQa79k	肺炎,新冠肺炎
2020-04-22 18:21	6384589361/IEwoO7iVB	肺炎,新冠肺炎
2020-04-22 18:21	6788499283/IEwoG9MlW	肺炎,新冠肺炎
2020-04-22 18:20	2656053737/IEwow7ab3	武汉,肺炎,冠状病毒,新冠肺炎
2020-04-22 18:20	5617128138/IEwomk0TG	肺炎,新冠肺炎
2020-04-22 18:20	5802482157/IEwohAUin	肺炎,新冠肺炎
2020-04-22 18:20	1036713140/IEwohCD5h	肺炎,新冠肺炎
2020-04-22 18:20	3164957712/IEwohjeRB	肺炎,新冠肺炎
2020-04-22 18:20	2288064900/IEwohhSOp	肺炎,冠状病毒,新冠肺炎
2020-04-22 18:20	1191965271/IEwoh0awU	肺炎,新冠肺炎
2020-04-22 18:19	1294811905/IEwoeEISS	肺炎,新冠肺炎
2020-04-22 18:19	1716376363/IEwodblu4	肺炎,新冠肺炎
2020-04-22 18:19	1763351504/IEwo6kWjo	肺炎,冠状病毒,新冠肺炎
2020-04-22 18:19	1802564537/IEwo4C7WD	肺炎,新冠肺炎
2020-04-22 18:19	1741801024/IEwo42fFX	肺炎,新冠肺炎
2020-04-22 18:19	2641811923/IEwo3r33y	肺炎,新冠肺炎
2020-04-22 18:19	2337454953/IEwo2vUTc	肺炎,新冠肺炎
2020-04-22 18:19	2648027395/IEwo1nFW0	肺炎,新冠肺炎
2020-04-22 18:19	2143453814/IEwnYmWW6	肺炎,新冠肺炎
2020-04-22 18:19	1630049672/IEwnXvUxQ	肺炎,新冠肺炎
2020-04-22 18:18	6335338666/IEwnM0GqG	肺炎,新冠肺炎
2020-04-22 18:18	3057540037/IEwnJCauc	肺炎,新冠肺炎
2020-04-22 18:18	1706463014/IEwnIsx2N	肺炎,新冠肺炎
2020-04-22 18:18	5051077448/IEwntCSHI	肺炎,新冠肺炎
2020-04-22 18:17	1630049672/IEwnqqRTh	肺炎,新冠肺炎
2020-04-22 18:17	6884431870/IEwnku9oL	肺炎,新冠肺炎
2020-04-22 18:17	2928899087/IEwngkQ6i	肺炎,新冠肺炎
2020-04-22 18:17	3995311845/IEwn3Epi7	肺炎,新冠肺炎
2020-04-22 18:16	5579736974/IEwn1hiTW	肺炎,新冠肺炎
2020-04-22 18:16	3315134527/IEwmZuwu1	肺炎,新冠肺炎
2020-04-22 18:16	3546862743/IEwmZcSMX	肺炎,新冠肺炎
2020-04-22 18:16	1649173367/IEwmRvywQ	肺炎,新冠肺炎
2020-04-22 18:16	1728222637/IEwmQ2Pw7	肺炎,新冠肺炎
2020-04-22 18:16	6164138732/IEwmOBmeB	肺炎,新冠肺炎
2020-04-22 18:16	2739278364/IEwmO1YL9	肺炎,新冠肺炎
2020-04-22 18:16	2770722975/IEwmNqfhh	肺炎,新冠肺炎
2020-04-22 18:16	7303494626/IEwmJA1fR	肺炎,新冠肺炎
2020-04-22 18:15	1734530730/IEwmql4qE	肺炎,新冠肺炎
2020-04-22 18:15	5902318833/IEwmn8504	武汉,肺炎,新冠肺炎
2020-04-22 18:15	6259394869/IEwmmeGZE	肺炎,新冠肺炎
2020-04-22 18:15	2923974513/IEwmlBN0E	肺炎,新冠肺炎
2020-04-22 18:15	1548067152/IEwmgD5de	肺炎,新冠肺炎
2020-04-22 18:15	1853103647/IEwmgD3eT	肺炎,新冠肺炎
2020-04-22 18:15	3892275444/IEwmglr1a	肺炎,新冠肺炎
2020-04-22 18:15	2127460165/IEwmfqHVQ	肺炎,冠状病毒,新冠肺炎
2020-04-22 18:15	1732112365/IEwmfo3HO	肺炎,新冠肺炎
2020-04-22 18:14	5629459522/IEwmbzvjF	肺炎,冠状病毒,新冠肺炎
2020-04-22 18:14	6259394869/IEwma6Icz	肺炎,新冠肺炎
2020-04-22 18:14	2109185642/IEwm9cOgl	肺炎,新冠肺炎
2020-04-22 18:14	7303494626/IEwm5lu38	肺炎,新冠肺炎
2020-04-22 18:14	1412255702/IEwm5ndd3	肺炎,新冠肺炎
2020-04-22 18:14	2837470077/IEwm0o8ni	肺炎,新冠肺炎
2020-04-22 18:14	5033597691/IEwlWcmHU	肺炎,新冠肺炎
2020-04-22 18:14	2769885021/IEwlUpvF5	肺炎,新冠肺炎
2020-04-22 18:14	5832321505/IEwlQitKt	肺炎,新冠肺炎
2020-04-22 18:14	3241621804/IEwlPas25	肺炎,新冠肺炎
2020-04-22 18:13	2952796521/IEwlN5UNX	肺炎,新冠肺炎
2020-04-22 18:13	1918960820/IEwlBcRJz	肺炎,新冠肺炎
2020-04-22 21:23	1150420997/IExAKnXdH	肺炎,新冠肺炎
2020-04-22 21:23	1673156674/IExAyvSh9	肺炎,新冠肺炎
2020-04-22 21:22	3205082745/IExAs5fbn	肺炎,新冠肺炎
2020-04-22 21:22	6054924073/IExApEjk5	肺炎,新冠肺炎
2020-04-22 21:22	3558497775/IExAn1GNf	肺炎,新冠肺炎
2020-04-22 21:22	2650835112/IExAm70NI	肺炎,新冠肺炎
2020-04-22 21:22	2218706283/IExAkoESm	肺炎,新冠肺炎
2020-04-22 21:22	2800992940/IExAh74Ed	武汉,肺炎,新冠肺炎
2020-04-22 21:22	1907501137/IExAh926D	肺炎,新冠肺炎
2020-04-22 21:22	1854570915/IExAgdHiY	肺炎,新冠肺炎
2020-04-22 21:22	2218706283/IExAa1jEf	肺炎,新冠肺炎
2020-04-22 21:22	1899009277/IExA9rmU6	肺炎,新冠肺炎
2020-04-22 21:21	6561180248/IExzZEGSP	肺炎,新冠肺炎
2020-04-22 21:21	2028823583/IExzZ6SjD	肺炎,新冠肺炎
2020-04-22 21:21	1859428970/IExzWqyk3	肺炎,新冠肺炎
2020-04-22 21:21	3213102630/IExzRqzEk	肺炎,冠状病毒,新冠肺炎
2020-04-22 21:21	6136622159/IExzM7xIt	肺炎,新冠肺炎
2020-04-22 21:20	2425752947/IExzHFAQJ	肺炎,新冠肺炎
2020-04-22 21:20	2451789741/IExzHmltx	肺炎,新冠肺炎
2020-04-22 21:20	5939969094/IExzBaXnL	肺炎,新冠肺炎
2020-04-22 21:20	1922591181/IExzAzNL0	肺炎,新冠肺炎
2020-04-22 21:20	1746743117/IExzzEOmb	肺炎,新冠肺炎
2020-04-22 21:20	2316360877/IExzt9MES	武汉,肺炎,冠状病毒
2020-04-22 21:20	2967529507/IExzls5GJ	肺炎,新冠肺炎
2020-04-22 21:20	2039753857/IExzls6kE	肺炎,新冠肺炎
2020-04-22 21:20	1878156541/IExzlv5eZ	肺炎,新冠肺炎
2020-04-22 21:20	2076255252/IExzlds3g	肺炎,新冠肺炎
2020-04-22 21:20	1991114285/IExzlds2O	肺炎,新冠肺炎
2020-04-22 21:20	1774259814/IExzlcCX2	肺炎,新冠肺炎
2020-04-22 21:20	3057540037/IExzlbxyY	肺炎,新冠肺炎
2020-04-22 21:19	3106577955/IExzh3AE4	肺炎,新冠肺炎
2020-04-22 21:19	1765373140/IExzaflof	肺炎,新冠肺炎
2020-04-22 21:19	2258727970/IExz8utI9	肺炎,新冠肺炎
2020-04-22 21:19	1887790981/IExz7AZZq	肺炎,新冠肺炎
2020-04-22 21:19	1854570915/IExz0uAP2	肺炎,新冠肺炎
2020-04-22 21:19	1706406001/IExyYsC58	肺炎,新冠肺炎
2020-04-22 21:19	5394763015/IExyYaSF2	肺炎,新冠肺炎
2020-04-22 21:19	7275297650/IExyWlhFM	肺炎,新冠肺炎
2020-04-22 21:19	1856346342/IExyUzW3w	肺炎,新冠肺炎
2020-04-22 21:18	1750349212/IExySv4dF	肺炎,新冠肺炎
2020-04-22 21:18	5884417766/IExyNdPTp	肺炎,新冠肺炎
2020-04-22 21:18	6122749675/IExyH2jwc	肺炎,新冠肺炎
2020-04-22 21:18	2248834985/IExyybAc5	肺炎,新冠肺炎
2020-04-22 21:18	5872828878/IExyxh4l8	肺炎,新冠肺炎
2020-04-22 21:17	5793916505/IExyuyt9o	肺炎,新冠肺炎
2020-04-22 21:17	2626472803/IExytrPtH	肺炎,新冠肺炎
2020-04-22 21:17	1906051633/IExysv8Ib	肺炎,新冠肺炎
2020-04-22 21:17	5282792576/IExyqsnsi	肺炎,新冠肺炎
2020-04-22 21:17	1779499671/IExyq8XqE	肺炎,新冠肺炎
2020-04-22 21:17	5095621125/IExyonWl2	肺炎,新冠肺炎
2020-04-22 21:17	3867995182/IExynuvTS	肺炎,新冠肺炎
2020-04-22 21:17	5976894768/IExyeBcgf	肺炎,新冠肺炎
2020-04-22 21:17	5051077448/IExye3Ihw	肺炎,新冠肺炎
2020-04-22 21:17	6579033207/IExyciXUZ	肺炎,新冠肺炎
2020-04-22 21:17	2076255252/IExy7zdYu	肺炎,新冠肺炎
2020-04-22 21:16	1734342702/IExy5e3pu	肺炎,新冠肺炎
2020-04-22 21:16	3106577955/IExy4zwon	肺炎,新冠肺炎
2020-04-22 21:16	2989616011/IExy2w8zK	肺炎,新冠肺炎
2020-04-22 21:16	3059786012/IExxWhTZD	肺炎,新冠肺炎
2020-04-22 21:16	1182663394/IExxO37o9	肺炎,新冠肺炎
2020-04-22 21:16	2451682953/IExxJBd6L	肺炎,新冠肺炎
2020-04-22 21:16	1856404484/IExxIrn1e	肺炎,新冠肺炎
2020-04-22 21:15	6437727602/IExxFbA6d	肺炎,冠状病毒,新冠肺炎
2020-04-22 21:15	1898014061/IExxAbdqQ	肺炎,新冠肺炎
2020-04-22 21:15	5832486706/IExxvrrfo	肺炎,新冠肺炎
2020-04-22 21:15	2277669277/IExxuh7Td	肺炎,新冠肺炎
2020-04-22 21:15	1906051633/IExxugk4q	肺炎,新冠肺炎
2020-04-22 21:15	3105824712/IExxtmdS6	肺炎,冠状病毒,新冠肺炎
2020-04-22 21:15	5345420764/IExxrketp	肺炎,新冠肺炎
2020-04-22 21:15	1732112365/IExxjBBbo	肺炎,新冠肺炎
2020-04-22 21:14	3218527450/IExxhgtIx	肺炎,新冠肺炎
2020-04-22 21:14	1884334303/IExxglEkS	肺炎,新冠肺炎
2020-04-22 21:14	5795167443/IExxg3YiV	肺炎,新冠肺炎
2020-04-22 21:14	2451682953/IExxb40gT	肺炎,冠状病毒,新冠肺炎
2020-04-22 21:14	1876265021/IExx0oiYa	肺炎,冠状病毒,新冠肺炎
2020-04-22 21:14	5336533996/IExwWz7Cw	肺炎,新冠肺炎
2020-04-22 21:13	5035304660/IExwS8oLb	肺炎,新冠肺炎
2020-04-22 21:13	5395667635/IExwIoe4G	肺炎,新冠肺炎
2020-04-22 21:13	1810477860/IExwFs8Zm	肺炎,新冠肺炎
2020-04-22 21:13	1356658417/IExwFps3B	肺炎,新冠肺炎
2020-04-22 21:13	3669004851/IExwDFcO8	肺炎,新冠肺炎
2020-04-22 21:13	6130523901/IExwD4kuU	肺炎,新冠肺炎
2020-04-22 21:13	3569193894/IExwB2s56	肺炎,新冠肺炎
2020-04-22 21:13	5444842501/IExwy2ZV5	肺炎,新冠肺炎
2020-04-22 21:13	5993531560/IExwuvNbl	肺炎,新冠肺炎
2020-04-22 21:13	1900394924/IExwub6xC	肺炎,新冠肺炎
2020-04-22 21:12	1687869070/IExwtAZsi	肺炎,冠状病毒,新冠肺炎
2020-04-22 21:12	5444842501/IExwlBMXs	肺炎,新冠肺炎
2020-04-22 21:12	3961040969/IExwhcb1q	肺炎,新冠肺炎
2020-04-22 21:12	5623271222/IExwdCvtq	武汉,肺炎,新冠肺炎
2020-04-22 21:12	1669030743/IExwd4tFM	肺炎,新冠肺炎
2020-04-22 21:12	1801817195/IExw8BaM7	肺炎,新冠肺炎
2020-04-22 21:12	3815441527/IExw77M1f	肺炎,新冠肺炎
2020-04-22 21:12	2726417763/IExw6eo2N	肺炎,新冠肺炎
2020-04-22 22:20	5525661902/IExXHtJSF	武汉,肺炎,冠状病毒,新冠肺炎
2020-04-22 21:47	3567412270/IExKpAUv2	武汉,肺炎,新冠肺炎
2020-04-22 21:28	5647529951/IExCOBLUQ	武汉,肺炎,新冠肺炎
2020-04-22 21:24	1901329763/IExBdAKwv	武汉,肺炎,冠状病毒,新冠肺炎
2020-04-22 20:53	1798653494/IExoK3eJl	武汉,肺炎,新冠肺炎
2020-04-22 20:52	6901994610/IExoltWtK	武汉,肺炎,新冠肺炎
2020-04-22 20:31	6768303733/IExfQ5fCL	武汉,肺炎,新冠肺炎
2020-04-22 20:20	1647210043/IExaZx5kx	武汉,肺炎,新冠肺炎
2020-04-22 20:11	6900891782/IEx7G8Xhc	武汉,肺炎,新冠肺炎
2020-04-22 20:11	1895394815/IEx7p3yNP	武汉,肺炎,新冠肺炎
2020-04-22 20:10	6292206186/IEx7az2ZY	武汉,肺炎,新冠肺炎
2020-04-22 20:10	1898268644/IEx6WlhJb	武汉,肺炎,新冠肺炎
2020-04-22 17:52	2101298760/IEwcWCBjD	武汉,肺炎,冠状病毒,新冠肺炎
2020-04-22 17:29	6020606165/IEw3HDDY9	武汉,肺炎,新冠肺炎
2020-04-22 17:26	2191069454/IEw2ntCnA	武汉,肺炎,冠状病毒,新冠肺炎
2020-04-22 17:23	2592748760/IEw1rztuA	武汉,肺炎,新冠肺炎
2020-04-22 16:58	6092162496/IEvR1BN3N	武汉,肺炎,新冠肺炎
2020-04-22 16:50	6412912981/IEvNKmBpZ	武汉,肺炎,新冠肺炎
2020-04-22 16:36	1343692175/IEvI6cOjO	武汉,肺炎,新冠肺炎
2020-04-22 16:35	2040160625/IEvHM97nI	武汉,肺炎,新冠肺炎
2020-04-22 16:08	1935700591/IEvwLuaju	武汉,肺炎,新冠肺炎
2020-04-22 16:01	3791395331/IEvtTmfio	武汉,肺炎,新冠肺炎
2020-04-22 16:01	1735937570/IEvtT2tw0	武汉,肺炎,新冠肺炎
2020-04-22 15:48	6072764840/IEvoMi8MB	武汉,肺炎,新冠肺炎
2020-04-22 15:47	3672727773/IEvoss3zt	武汉,肺炎,新冠肺炎
2020-04-22 15:46	2022364304/IEvnWwsmq	武汉,肺炎,新冠肺炎
2020-04-22 15:27	5590828369/IEvgh9uAH	武汉,肺炎,新冠肺炎
2020-04-22 15:26	6534805102/IEvfW9F5q	武汉,肺炎,新冠肺炎
2020-04-22 15:05	1959444680/IEv79gqqA	武汉,肺炎,新冠肺炎
2020-04-22 15:04	3214095180/IEv6IFSqf	武汉,肺炎,新冠肺炎
2020-04-22 15:00	2049389352/IEv56tbzS	武汉,肺炎,新冠肺炎
2020-04-22 14:59	2000016880/IEv4LcQP7	武汉,肺炎,新冠肺炎
2020-04-22 14:58	1732739184/IEv4r7s1S	武汉,肺炎,新冠肺炎
2020-04-22 14:51	6420900501/IEv1qClPB	武汉,肺炎,新冠肺炎
2020-04-22 14:42	1828887503/IEuXVc5qP	武汉,肺炎,新冠肺炎
2020-04-22 14:12	5474560716/IEuLLFkEw	武汉,肺炎,新冠肺炎
2020-04-22 14:11	1658951274/IEuLxv5Sz	武汉,肺炎,新冠肺炎
2020-04-22 14:10	5510554264/IEuKX7rAG	武汉,肺炎,冠状病毒,新冠肺炎
2020-04-22 14:08	1750353804/IEuK02oNY	武汉,肺炎,冠状病毒,新冠肺炎
2020-04-22 14:07	6635808237/IEuJTzm7b	武汉,肺炎,新冠肺炎
2020-04-22 14:07	5564927603/IEuJCoYD9	武汉,肺炎,新冠肺炎
2020-04-22 14:04	1868339217/IEuIAAH5t	武汉,肺炎,新冠肺炎
2020-04-22 14:04	3214095180/IEuIn1bT0	武汉,肺炎,新冠肺炎
2020-04-22 13:39	1824398837/IEuysEorg	武汉,肺炎,新冠肺炎
2020-04-22 11:21	2711977302/IEtEraywt	武汉,肺炎,冠状病毒
2020-04-22 11:14	3177640383/IEtBnphfJ	武汉,肺炎,新冠肺炎
2020-04-22 11:13	3177640383/IEtBeBgas	武汉,肺炎,新冠肺炎
2020-04-22 11:00	5587871373/IEtvGCBTc	武汉,肺炎,新冠肺炎
2020-04-22 10:59	2663669233/IEtvCb0Ql	武汉,肺炎,冠状病毒
2020-04-22 10:55	6072764868/IEttU7lNv	武汉,肺炎
2020-04-22 10:52	1172934465/IEtsytlCj	武汉,肺炎,新冠肺炎
2020-04-22 10:50	1997935221/IEtrOmqA6	武汉,肺炎,新冠肺炎
2020-04-22 10:43	1815563894/IEtoQhJtQ	武汉,肺炎,新冠肺炎
2020-04-22 10:40	2332437804/IEtnOahwt	武汉,肺炎,冠状病毒,新冠肺炎
2020-04-22 10:38	6418466568/IEtmR5J3v	武汉,肺炎,新冠肺炎
2020-04-22 10:34	1898268644/IEtluzlCV	武汉,肺炎,新冠肺炎
2020-04-22 10:31	3191106110/IEtk4tRDd	武汉,肺炎,新冠肺炎
2020-04-22 10:30	2852842151/IEtjK94LA	武汉,肺炎,冠状病毒
2020-04-22 10:30	3139542402/IEtjEd7cC	武汉,肺炎,新冠肺炎
2020-04-22 10:30	1275434742/IEtjvEmqF	武汉,肺炎,新冠肺炎
2020-04-22 10:29	2646943365/IEtj5E1iQ	武汉,肺炎,新冠肺炎
2020-04-22 10:00	5044281310/IEt7C5MhO	武汉,肺炎,新冠肺炎
2020-04-22 09:57	6005883208/IEt6j8OaE	武汉,肺炎,新冠肺炎
2020-04-22 09:57	5490667576/IEt68uw1j	武汉,肺炎,新冠肺炎
2020-04-22 09:55	5394133264/IEt5mjQRX	武汉,肺炎,新冠肺炎
2020-04-22 09:53	6941790656/IEt4BEAUt	武汉,肺炎,新冠肺炎
2020-04-22 09:17	5984331873/IEsQ456FA	武汉,肺炎,新冠肺炎
2020-04-22 09:17	5975285157/IEsQ456KZ	武汉,肺炎,新冠肺炎
2020-04-22 09:17	5996719166/IEsQ458aR	武汉,肺炎,新冠肺炎
2020-04-22 09:17	5971647469/IEsQ46iQk	武汉,肺炎,新冠肺炎
2020-04-22 09:17	5982051837/IEsQ46jmx	武汉,肺炎,新冠肺炎
2020-04-22 09:17	6015835731/IEsQ3wpGc	武汉,肺炎,新冠肺炎
2020-04-22 09:16	3917895981/IEsPPiOgM	武汉,肺炎,新冠肺炎
2020-04-22 09:16	2735973604/IEsPyrsXE	武汉,肺炎,新冠肺炎
2020-04-22 09:14	1840551510/IEsOEEqXQ	武汉,肺炎,新冠肺炎
2020-04-22 09:06	3604378011/IEsLF2Ggv	武汉,肺炎,新冠肺炎
2020-04-22 09:02	5828197769/IEsK1FGDC	武汉,肺炎,冠状病毒,新冠肺炎
2020-04-22 08:37	5598591659/IEszKDN8b	武汉,肺炎,新冠肺炎
2020-04-22 08:30	1962932343/IEsx1BJha	武汉,肺炎
2020-04-22 08:30	2622558275/IEsx1AuFz	武汉,肺炎
2020-04-22 08:30	5506861184/IEsx1iPE9	武汉,肺炎
2020-04-22 08:30	2809889625/IEsx1hRlt	武汉,肺炎
2020-04-22 08:30	6068931132/IEsx13a5k	武汉,肺炎
2020-04-22 08:30	2622537185/IEsx09MJE	武汉,肺炎
2020-04-22 08:30	1228710902/IEsx0904P	武汉,肺炎
2020-04-22 08:30	5939024666/IEswYDSD2	武汉,肺炎
2020-04-22 08:26	5038874347/IEsvkoDO8	武汉,肺炎,新冠肺炎
2020-04-22 08:24	5876889288/IEsuIB6XY	武汉,肺炎,新冠肺炎
2020-04-22 07:57	1988645095/IEsjKEFuP	武汉,肺炎,新冠肺炎
2020-04-22 07:40	1359974471/IEscKimIj	武汉,肺炎,新冠肺炎
2020-04-22 07:38	3841206585/IEsbHhGjR	武汉,肺炎,新冠肺炎
2020-04-22 07:29	5038942729/IEs84pWzj	武汉,肺炎,新冠肺炎
2020-04-22 07:26	5366876285/IEs79Ff7n	武汉,肺炎,新冠肺炎
2020-04-22 07:14	2292896411/IEs27Css4	武汉,肺炎,新冠肺炎
2020-04-22 07:02	2726417763/IErXqyL39	武汉,肺炎,新冠肺炎
2020-04-22 01:35	1879778060/IEpOu712s	武汉,肺炎,新冠肺炎
2020-04-22 01:26	1726847380/IEpKVmQ17	肺炎,新冠肺炎
2020-04-22 01:17	1725769382/IEpHb8G5n	武汉,肺炎
2020-04-22 00:52	2512580333/IEpwW71rM	武汉,肺炎,新冠肺炎
2020-04-22 00:24	1856786732/IEplPiuLi	武汉,肺炎
2020-04-22 00:16	1358080031/IEpil2DWH	武汉,肺炎,新冠肺炎
2020-04-22 00:10	1358080031/IEpfSh2E6	武汉,肺炎,新冠肺炎
2020-04-22 00:08	1709751002/IEpf5dWok	武汉,肺炎
2020-04-22 23:51	2367302784/IEyyRr6IM	肺炎,冠状病毒
2020-04-22 23:47	5306448313/IEyxmm8sP	肺炎,冠状病毒
2020-04-22 23:46	2583862701/IEywOBW54	肺炎,冠状病毒
2020-04-22 23:36	5246349902/IEyswpq01	肺炎,冠状病毒
2020-04-22 23:33	3494430344/IEyrjF6L1	肺炎,冠状病毒
2020-04-22 23:29	3036473607/IEypZeGQi	肺炎,冠状病毒
2020-04-22 23:29	3460108342/IEypSo1xn	肺炎,冠状病毒
2020-04-22 23:21	6062718412/IEymz3Hmu	肺炎,冠状病毒
2020-04-22 23:13	2062677182/IEyjABGAx	肺炎,冠状病毒
2020-04-22 23:10	6520058970/IEyi2k3WR	冠状病毒
2020-04-22 23:10	5042538246/IEyi2j4KK	冠状病毒
2020-04-22 23:01	1807180831/IEyerudcW	冠状病毒
2020-04-22 23:01	2826074334/IEyelAb6F	冠状病毒
2020-04-22 23:00	2493142094/IEye0mbjC	肺炎,冠状病毒
2020-04-22 22:58	3977973716/IEydn4PfC	冠状病毒
2020-04-22 22:58	2300689752/IEyd9aSbh	肺炎,冠状病毒
2020-04-22 22:58	5548954156/IEyd7CIII	冠状病毒
2020-04-22 22:57	3580872122/IEycSk1Zt	冠状病毒
2020-04-22 22:55	1879778060/IEycbqOG3	肺炎,冠状病毒
2020-04-22 22:55	2782363147/IEyc7DL4n	肺炎,冠状病毒,新冠肺炎
2020-04-22 22:55	5951687343/IEybZ3OML	冠状病毒
2020-04-22 22:55	1750987934/IEybXzPLQ	武汉,肺炎,冠状病毒
2020-04-22 22:55	1851193900/IEybUloyW	冠状病毒
2020-04-22 22:53	1750987934/IEybisn2r	肺炎,冠状病毒
2020-04-22 22:53	6786329430/IEybhA4Q4	肺炎,冠状病毒,新冠肺炎
2020-04-22 22:52	1993715467/IEyaM17gv	肺炎,冠状病毒
2020-04-22 22:52	1921329975/IEyaKvcBy	冠状病毒
2020-04-22 22:51	2095583617/IEyay694U	肺炎,冠状病毒
2020-04-22 22:51	3701555977/IEyarhp4E	冠状病毒
2020-04-22 22:51	1622959722/IEyapgRJd	冠状病毒
2020-04-22 22:51	1636523605/IEyamAEq8	冠状病毒
2020-04-22 22:48	1750987934/IEy96A9Jn	肺炎,冠状病毒
2020-04-22 22:47	1008746521/IEy8I5gKc	冠状病毒
2020-04-22 22:43	5523114978/IEy7gtjtU	冠状病毒
2020-04-22 22:42	5879121085/IEy6Si83C	冠状病毒
2020-04-22 22:42	6369394456/IEy6JoH8V	肺炎,冠状病毒,新冠肺炎
2020-04-22 22:41	1780941417/IEy6xhDe8	肺炎,新冠肺炎
2020-04-22 22:41	5773587596/IEy6hlKPQ	冠状病毒
2020-04-22 22:40	1862475861/IEy68dlpE	冠状病毒
2020-04-22 22:40	3721496971/IEy5VrvOk	肺炎,冠状病毒
2020-04-22 22:39	5867737487/IEy5tnCCJ	肺炎,冠状病毒,新冠肺炎
2020-04-22 22:39	1251560221/IEy5piNS4	冠状病毒
2020-04-22 22:38	1750987934/IEy5mkVRU	肺炎,冠状病毒
2020-04-22 22:37	1958314367/IEy4E1oTI	冠状病毒
2020-04-22 22:36	7343956450/IEy4vqbxu	冠状病毒
2020-04-22 22:36	1635106672/IEy4pwBvN	冠状病毒
2020-04-22 22:35	1635106672/IEy3YBTuP	冠状病毒
2020-04-22 22:35	1501416452/IEy3YAziH	冠状病毒
2020-04-22 22:35	2638304061/IEy3LBxCj	肺炎,冠状病毒
2020-04-22 22:34	1750987934/IEy3BfOhp	冠状病毒
2020-04-22 22:32	1750987934/IEy2N1lY6	肺炎,冠状病毒,新冠肺炎
2020-04-22 22:31	6213763250/IEy2beyMj	肺炎,冠状病毒
2020-04-22 22:30	1046942190/IEy1R6uRM	冠状病毒
2020-04-22 22:29	2087919315/IEy1IwtgR	冠状病毒
2020-04-22 22:27	1653348364/IEy0QrpNO	冠状病毒
2020-04-22 22:27	1784683782/IEy0KAsF3	冠状病毒
2020-04-22 22:27	5782486271/IEy0G8rp0	冠状病毒
2020-04-22 22:27	7395933134/IEy0FgMUy	肺炎,冠状病毒,新冠肺炎
2020-04-22 22:27	6022179427/IEy0CzNPK	冠状病毒
2020-04-22 22:26	2082287893/IEy0k0sWD	冠状病毒
2020-04-22 22:25	1920125313/IExZV9wLI	冠状病毒
2020-04-22 22:24	1647662054/IExZl972p	肺炎,冠状病毒
2020-04-22 22:24	7419186676/IExZj3ACx	冠状病毒
2020-04-22 22:23	5384801243/IExZ07fsd	肺炎,冠状病毒,新冠肺炎
2020-04-22 22:21	2047299300/IExYtj50n	肺炎,冠状病毒,新冠肺炎
2020-04-22 22:19	1408055331/IExXEvClO	冠状病毒
2020-04-22 22:19	3964232262/IExXwfU9b	肺炎,冠状病毒
2020-04-22 22:18	5817978609/IExX0C1Bi	冠状病毒
2020-04-22 22:17	6361460087/IExWDwvDc	武汉,肺炎,冠状病毒
2020-04-22 22:17	1893801487/IExWyveGn	冠状病毒
2020-04-22 22:16	1778758223/IExWn2N5z	冠状病毒
2020-04-22 22:16	1712686623/IExWms47S	冠状病毒
2020-04-22 22:16	2028810631/IExWmakSk	冠状病毒
2020-04-22 22:16	3701555977/IExWk5NBP	冠状病毒
2020-04-22 22:16	2288064900/IExWdxRn6	肺炎,冠状病毒,新冠肺炎
2020-04-22 22:16	2622931881/IExW47tni	冠状病毒
2020-04-22 22:14	1876265021/IExVr88qu	肺炎,冠状病毒
2020-04-22 22:14	3312740193/IExVluTZc	冠状病毒
2020-04-22 22:13	6361460087/IExVcAVpm	肺炎,冠状病毒
2020-04-22 22:13	6351705477/IExV1oggy	肺炎,冠状病毒
2020-04-22 22:12	1960660265/IExUO72a9	冠状病毒
2020-04-22 22:12	1699698552/IExUMkb5i	肺炎,冠状病毒,新冠肺炎
2020-04-22 22:12	2047299300/IExUFgiJz	肺炎,冠状病毒
2020-04-22 22:12	6361460087/IExUBETyu	肺炎,冠状病毒
2020-04-22 22:11	6367852360/IExUmDoB8	肺炎,冠状病毒,新冠肺炎
2020-04-22 22:11	6016007479/IExUmBt3U	冠状病毒
2020-04-22 22:11	1960660265/IExUkhazH	肺炎,冠状病毒
2020-04-22 22:11	1809436135/IExUaaXIW	肺炎,冠状病毒,新冠肺炎
2020-04-22 22:11	2091094535/IExU636bD	肺炎,冠状病毒,新冠肺炎
2020-04-22 22:11	2047299300/IExU633es	肺炎,冠状病毒
2020-04-22 22:10	3062616015/IExTG5Tl1	冠状病毒
2020-04-22 22:10	1750987934/IExTG49O6	肺炎,冠状病毒
2020-04-22 22:10	6004281123/IExTDqNer	冠状病毒
2020-04-22 22:09	5604398180/IExTpuYau	肺炎,冠状病毒
2020-04-22 22:08	2047299300/IExTcwcdp	武汉,肺炎,冠状病毒
2020-04-22 22:08	6376763247/IExSV6Nfs	肺炎,冠状病毒
2020-04-22 22:07	1198220993/IExSG1Bb4	冠状病毒
2020-04-22 22:07	2527414110/IExSq3jXL	肺炎,冠状病毒
2020-04-22 22:06	5134244460/IExSnELPQ	肺炎,冠状病毒
2020-04-22 22:05	5134244460/IExRQ114G	冠状病毒
2020-04-22 22:05	2266453380/IExRNCGFM	肺炎,冠状病毒
2020-04-22 22:05	3053389323/IExRGf29j	冠状病毒
2020-04-22 22:05	5134244460/IExRF6C0S	冠状病毒
2020-04-22 22:05	3713983045/IExREdbFg	肺炎,冠状病毒
2020-04-22 22:04	6112711195/IExRnnfMx	冠状病毒
2020-04-22 22:04	7407896365/IExRfFBfp	冠状病毒
2020-04-22 22:03	3806199628/IExR2lETT	肺炎,冠状病毒
2020-04-22 22:03	2854991941/IExR1sg3X	冠状病毒
2020-04-22 22:02	5918973053/IExQAxyNV	肺炎,冠状病毒
2020-04-22 22:01	6376763247/IExPZ5xQe	肺炎,冠状病毒
2020-04-22 22:01	1779837945/IExPZ50f1	肺炎,冠状病毒,新冠肺炎
2020-04-22 22:00	2700877354/IExPGqwyV	冠状病毒
2020-04-22 22:00	6199038235/IExPG8Nt9	肺炎,冠状病毒
2020-04-22 22:00	1640641777/IExPB9AmU	冠状病毒
2020-04-22 22:00	1916780343/IExPAxf77	冠状病毒
2020-04-22 22:00	6359361352/IExPz4tg2	肺炎,冠状病毒
2020-04-22 22:00	6369480365/IExPyr1uZ	肺炎,冠状病毒
2020-04-22 21:58	3173633817/IExP1DJpy	冠状病毒
2020-04-22 21:58	2375104471/IExP1m3ee	冠状病毒
2020-04-22 21:58	1796568860/IExOR3YDL	肺炎,冠状病毒,新冠肺炎
2020-04-22 21:58	5776887841/IExOQ969I	冠状病毒
2020-04-22 21:57	5272216702/IExOq8HDA	冠状病毒
2020-04-22 21:57	1743951792/IExOnaCMG	冠状病毒
2020-04-22 21:56	1897123213/IExO59jxd	肺炎,冠状病毒
2020-04-22 21:55	7407896365/IExNK9y6v	冠状病毒
2020-04-22 21:55	6384589361/IExNy5TfV	冠状病毒
2020-04-22 21:54	5272216702/IExNhdrN5	肺炎,冠状病毒,新冠肺炎
2020-04-22 21:54	7119451477/IExNgCMQJ	肺炎,冠状病毒,新冠肺炎
2020-04-22 21:54	1392165114/IExNaaeG6	冠状病毒
2020-04-22 21:53	5882214589/IExN0FRhg	肺炎,冠状病毒
2020-04-22 21:53	5730638600/IExMZt0lI	肺炎,冠状病毒,新冠肺炎
2020-04-22 21:51	3990429737/IExMhbDgb	冠状病毒
2020-04-22 21:51	3990429737/IExM00ioE	冠状病毒
2020-04-22 21:50	2728474252/IExLDfSBd	肺炎,冠状病毒
2020-04-22 21:50	5716124858/IExLBcbSy	肺炎,冠状病毒,新冠肺炎
2020-04-22 21:50	5042538246/IExLyz9AM	冠状病毒
2020-04-22 21:50	6520058970/IExLyv8bZ	冠状病毒
2020-04-22 21:50	2269304351/IExLxo4u8	冠状病毒
2020-04-22 21:49	2266064252/IExLr9vEe	冠状病毒
2020-04-22 21:49	2695667542/IExLdhNNc	冠状病毒
2020-04-22 21:48	2660807713/IExL4q3Rr	肺炎,冠状病毒,新冠肺炎
2020-04-22 21:48	2647197351/IExL1tgDM	冠状病毒
2020-04-22 21:48	2218238707/IExKNAo3U	冠状病毒
2020-04-22 21:46	1216286631/IExKf0THU	冠状病毒
2020-04-22 21:46	5189742875/IExJWDIPK	冠状病毒
2020-04-22 21:45	1497361375/IExJSdu1T	冠状病毒
2020-04-22 21:45	3699175834/IExJHkTg7	肺炎,冠状病毒
2020-04-22 21:45	2277893221/IExJGqbGD	肺炎,冠状病毒
2020-04-22 21:44	3567412270/IExJj4sgB	肺炎,冠状病毒
2020-04-22 21:44	6361460087/IExJ5ts6b	冠状病毒
2020-04-22 21:43	1736574887/IExIW1hkT	武汉,肺炎,冠状病毒,新冠肺炎
2020-04-22 21:43	7382673872/IExIV97j6	冠状病毒
2020-04-22 21:43	1588245995/IExIT4rZi	冠状病毒
2020-04-22 21:43	5876869490/IExIL5aXY	肺炎,冠状病毒
2020-04-22 21:43	1454461772/IExIGlypD	武汉,肺炎,冠状病毒,新冠肺炎
2020-04-22 21:43	3939864912/IExIG3SDi	肺炎,冠状病毒
2020-04-22 21:42	2504282715/IExIBkgXR	冠状病毒
2020-04-22 21:42	2804648292/IExIzzYzx	冠状病毒
2020-04-22 21:42	5876869490/IExIwlul2	冠状病毒
2020-04-22 21:42	6002842109/IExIo1srk	冠状病毒
2020-04-22 21:41	5876869490/IExI887jO	冠状病毒
2020-04-22 21:41	2212429500/IExI3DIyJ	肺炎,冠状病毒,新冠肺炎
2020-04-22 21:41	3939864912/IExHXro7X	冠状病毒
2020-04-22 21:39	7280838652/IExHlABth	冠状病毒
2020-04-22 21:39	5568105488/IExHkr9hG	冠状病毒
2020-04-22 21:39	1823184085/IExHil1vG	冠状病毒
2020-04-22 21:37	1882628830/IExGiiJEl	冠状病毒
2020-04-22 21:36	2782460930/IExGajz84	肺炎,冠状病毒,新冠肺炎
2020-04-22 21:36	6187366955/IExFTwDNr	肺炎,冠状病毒
2020-04-22 21:36	7293883188/IExFRsatG	肺炎,冠状病毒,新冠肺炎
2020-04-22 21:34	6227375652/IExFkmEKV	冠状病毒
2020-04-22 21:34	3888223184/IExFgeIA8	武汉,冠状病毒
2020-04-22 21:34	5929891776/IExFfAUUT	冠状病毒
2020-04-22 21:33	2647197351/IExEUkv4E	冠状病毒
2020-04-22 21:33	2618902411/IExER4V6s	肺炎,冠状病毒,新冠肺炎
2020-04-22 21:33	1922535861/IExEMlj1K	肺炎,冠状病毒
2020-04-22 21:32	3857117767/IExEsgL5q	冠状病毒
2020-04-22 21:32	2201926884/IExEsfasl	冠状病毒
2020-04-22 21:32	6433096715/IExEsf8VY	冠状病毒
2020-04-22 21:32	5226275418/IExEsf8ys	冠状病毒
2020-04-22 21:32	3106577955/IExEmDGmL	武汉,冠状病毒
2020-04-22 21:32	2618902411/IExEemlGs	肺炎,冠状病毒
2020-04-22 21:32	1647662054/IExEdaiKJ	武汉,肺炎,冠状病毒,新冠肺炎
2020-04-22 21:31	5535014883/IExE4CNuZ	武汉,肺炎,冠状病毒
2020-04-22 21:31	2624717735/IExDZ170g	肺炎,冠状病毒,新冠肺炎
2020-04-22 21:31	5535014883/IExDODBtE	武汉,冠状病毒
2020-04-22 21:30	3176022652/IExDxuP9N	肺炎,冠状病毒
2020-04-22 21:30	1644489953/IExDpvFmM	冠状病毒
2020-04-22 21:30	5789485581/IExDoEEcp	肺炎,冠状病毒,新冠肺炎
2020-04-22 21:29	1990821721/IExDfv0jO	肺炎,冠状病毒,新冠肺炎
2020-04-22 21:28	7280838652/IExCKc0lR	冠状病毒
2020-04-22 21:27	1168582244/IExCxc8VT	冠状病毒
2020-04-22 21:27	2245882663/IExCjjqak	肺炎,冠状病毒
2020-04-22 21:27	2707797783/IExCdo75Z	冠状病毒
2020-04-22 21:26	6219358645/IExC2bN4t	冠状病毒
2020-04-22 21:26	5124008385/IExC0mgOD	武汉,冠状病毒
2020-04-22 21:25	6515674765/IExBlC2Jl	冠状病毒
2020-04-22 21:22	2538642904/IExAotf6I	肺炎,冠状病毒
2020-04-22 21:22	7295334004/IExAlxASl	冠状病毒
2020-04-22 21:21	2815932080/IExzO8Opc	肺炎,冠状病毒
2020-04-22 21:21	2573021000/IExzKja90	冠状病毒
2020-04-22 21:20	1876265021/IExzmoyz9	肺炎,冠状病毒
2020-04-22 21:19	6351705477/IExz7D36C	肺炎,冠状病毒
2020-04-22 21:19	5192053230/IExz6plS7	肺炎,冠状病毒
2020-04-22 21:17	5585954915/IExyncSiI	冠状病毒
2020-04-22 21:16	5822184763/IExxZj7Dw	肺炎,冠状病毒
2020-04-22 21:16	3835497304/IExxQniZj	冠状病毒
2020-04-22 21:15	5217284498/IExxwkSHP	冠状病毒
2020-04-22 21:11	6351705477/IExvT0DXa	肺炎,冠状病毒,新冠肺炎
2020-04-22 21:11	2269304351/IExvFp9vw	冠状病毒
2020-04-22 21:10	1644114654/IExvhs2x6	肺炎,冠状病毒,新冠肺炎
2020-04-22 21:09	1964328561/IExuXE2yN	冠状病毒
2020-04-22 21:08	7280838652/IExuPlK00	冠状病毒
2020-04-22 21:08	5983324736/IExuNkCIE	肺炎,冠状病毒
2020-04-22 21:07	6212751097/IExu8dBD3	肺炎,冠状病毒,新冠肺炎
2020-04-22 21:06	1909740782/IExtWngsu	冠状病毒
2020-04-22 21:06	1115403737/IExtTspuv	冠状病毒
2020-04-22 21:06	5528196998/IExtJoSLc	冠状病毒
2020-04-22 21:05	3393236454/IExtfwflC	肺炎,冠状病毒,新冠肺炎
2020-04-22 21:04	2002780161/IExt1lu9K	肺炎,冠状病毒,新冠肺炎
2020-04-22 21:03	1787972573/IExsElZny	冠状病毒
2020-04-22 21:02	5890785906/IExsphOR4	肺炎,冠状病毒,新冠肺炎
2020-04-22 21:02	5782486271/IExsejvfW	冠状病毒
2020-04-22 21:01	3277235003/IExrUvMlO	冠状病毒
2020-04-22 21:01	1572394417/IExrD4efB	冠状病毒
2020-04-22 21:00	2594662033/IExrynpBf	冠状病毒
2020-04-22 21:00	1729505414/IExrej3PC	肺炎,冠状病毒
2020-04-22 20:59	2041668885/IExrarBWP	冠状病毒
2020-04-22 20:59	5525661902/IExr100V7	武汉,肺炎,冠状病毒
2020-04-22 20:57	1966715680/IExq495KJ	肺炎,冠状病毒
2020-04-22 20:56	5782486271/IExpJas5i	冠状病毒
2020-04-22 20:55	2414755702/IExpiA5xs	肺炎,冠状病毒,新冠肺炎
2020-04-22 20:55	5661996889/IExpe9kkP	冠状病毒
2020-04-22 20:54	1863551063/IExoMEdZ4	冠状病毒
2020-04-22 20:53	3088301654/IExovvRZh	肺炎,冠状病毒
2020-04-22 20:53	7280838652/IExouoemJ	冠状病毒
2020-04-22 20:51	5782486271/IExnW43OW	冠状病毒
2020-04-22 20:49	1798653494/IExmXcMVK	肺炎,冠状病毒
2020-04-22 20:49	5743588281/IExmTmDPF	肺炎,冠状病毒,新冠肺炎
2020-04-22 20:49	6112559040/IExmRBjrb	冠状病毒
2020-04-22 20:49	3425978930/IExmL4Ix2	肺炎,冠状病毒
2020-04-22 20:46	2706942834/IExlA6tjS	冠状病毒
2020-04-22 20:46	5358376439/IExly1BMk	肺炎,冠状病毒,新冠肺炎
2020-04-22 20:44	3082439694/IExkVDrYn	冠状病毒
2020-04-22 20:43	2954715345/IExkogp67	冠状病毒
2020-04-22 20:42	1724256551/IExjZ7k8y	冠状病毒
2020-04-22 20:42	5282792576/IExjVA1yS	冠状病毒
2020-04-22 20:41	1392165114/IExjEt0cg	冠状病毒
2020-04-22 20:41	2115264782/IExjDeuOx	肺炎,冠状病毒,新冠肺炎
2020-04-22 20:39	6384589361/IExj3aX9f	冠状病毒
2020-04-22 20:39	5592704247/IExiUjtmJ	肺炎,冠状病毒
2020-04-22 20:36	1791298665/IExhuy4yD	肺炎,冠状病毒,新冠肺炎
2020-04-22 20:36	1926641510/IExhugQRU	冠状病毒
2020-04-22 20:35	2557694173/IExh4BfhT	冠状病毒
2020-04-22 20:34	2557694173/IExgJiibF	冠状病毒
2020-04-22 20:34	5511553372/IExgHfjXx	肺炎,冠状病毒
2020-04-22 20:32	6514067960/IExgdq7ZL	冠状病毒
2020-04-22 20:31	1392165114/IExfDE9I8	冠状病毒
2020-04-22 20:30	2341809272/IExfdC5Bx	冠状病毒
2020-04-22 20:30	1574722950/IExf3y49j	肺炎,冠状病毒
2020-04-22 20:30	5078700027/IExf3jSeE	肺炎,冠状病毒
2020-04-22 20:29	2576477084/IExeZqcpz	冠状病毒
2020-04-22 20:29	1650182617/IExeKmHQW	冠状病毒
2020-04-22 20:28	1791298665/IExemsDS3	冠状病毒
2020-04-22 20:27	1496814565/IExe7D7zI	肺炎,冠状病毒,新冠肺炎
2020-04-22 20:27	5642353601/IExe5yEY5	武汉,冠状病毒
2020-04-22 20:26	6406869842/IExdMnRAY	冠状病毒
2020-04-22 20:26	3685811941/IExdz8kHT	冠状病毒
2020-04-22 20:25	1093537233/IExdbavQ4	冠状病毒
2020-04-22 20:23	7010131150/IExcenG9v	冠状病毒
2020-04-22 20:22	3662297793/IExc4jIFu	冠状病毒
2020-04-22 20:22	1704516774/IExc2ewfE	肺炎,冠状病毒
2020-04-22 20:22	5282792576/IExc0diBo	冠状病毒
2020-04-22 20:20	1650111241/IExaZg17r	武汉,冠状病毒
2020-04-22 20:15	3216945711/IEx8Xlnu7	冠状病毒
2020-04-22 20:13	1785330821/IEx8aiwfx	冠状病毒
2020-04-22 20:09	1264625282/IEx6ScWnk	肺炎,冠状病毒,新冠肺炎
2020-04-22 20:08	43181440/IEx6g861P	肺炎,冠状病毒,新冠肺炎
2020-04-22 20:07	6679810217/IEx5LEnjY	冠状病毒
2020-04-22 20:06	2316271560/IEx5v8Ex7	肺炎,冠状病毒
2020-04-22 20:06	3978090808/IEx5mvPhB	冠状病毒
2020-04-22 20:05	6250824982/IEx5ehVdk	冠状病毒
2020-04-22 20:05	6320391439/IEx56BoFQ	冠状病毒
2020-04-22 20:03	1769458724/IEx4nFONL	肺炎,冠状病毒
2020-04-22 20:02	2118890771/IEx40BxnY	肺炎,冠状病毒
2020-04-22 23:56	1963440143/IEyAEwrve	肺炎,新冠肺炎
2020-04-22 23:55	2609953837/IEyApaSS7	肺炎,新冠肺炎
2020-04-22 23:55	3811261522/IEyAhtEhm	肺炎,新冠肺炎
2020-04-22 23:53	2133095095/IEyzrtorx	肺炎,新冠肺炎
2020-04-22 23:52	2133095095/IEyzowDVy	肺炎,新冠肺炎
2020-04-22 23:52	1960660265/IEyz527Tg	肺炎,新冠肺炎
2020-04-22 23:51	6502460797/IEyyZp72l	肺炎,新冠肺炎
2020-04-22 23:51	5051077448/IEyyU4vDy	肺炎,新冠肺炎
2020-04-22 23:51	3290937092/IEyyP2eDB	肺炎,新冠肺炎
2020-04-22 23:51	2546636604/IEyyEqKBT	肺炎,新冠肺炎
2020-04-22 23:48	5389080493/IEyxMlbCT	肺炎,新冠肺炎
2020-04-22 23:48	2526744822/IEyxE4mRK	肺炎,新冠肺炎
2020-04-22 23:48	5908184802/IEyxzE1Hk	肺炎,新冠肺炎
2020-04-22 23:48	6124642021/IEyxoFzbU	肺炎,新冠肺炎
2020-04-22 23:47	1400033551/IEyxmjtv1	肺炎,新冠肺炎
2020-04-22 23:46	2634407350/IEywPfIB4	肺炎,新冠肺炎
2020-04-22 23:46	3309728955/IEywEjJ1A	肺炎,新冠肺炎
2020-04-22 23:45	3949090376/IEywuxP8p	肺炎,新冠肺炎
2020-04-22 23:44	3949090376/IEyvY4mb6	肺炎,新冠肺炎
2020-04-22 23:42	1660792132/IEyv60DXx	肺炎,新冠肺炎
2020-04-22 23:41	3895564374/IEyuMrri9	肺炎,新冠肺炎
2020-04-22 23:41	1494839723/IEyuHatam	肺炎,新冠肺炎
2020-04-22 23:41	1103745584/IEyuBw1eE	肺炎,新冠肺炎
2020-04-22 23:37	1976953997/IEytf0o0p	肺炎,新冠肺炎
2020-04-22 23:37	6603902166/IEytayxPc	肺炎,新冠肺炎
2020-04-22 23:37	3843352999/IEyt5AH11	肺炎,新冠肺炎
2020-04-22 23:37	6128661012/IEyt3eyYp	武汉,肺炎,新冠肺炎
2020-04-22 23:35	2550409690/IEysltgXd	肺炎,新冠肺炎
2020-04-22 23:34	5267095642/IEyrIt62Q	肺炎,新冠肺炎
2020-04-22 23:32	2255139900/IEyr4AX6D	肺炎,新冠肺炎
2020-04-22 23:32	3949090376/IEyr3mFxH	肺炎,新冠肺炎
2020-04-22 23:30	2618630987/IEyqmxGHG	肺炎,新冠肺炎
2020-04-22 23:30	1963863007/IEyq9yeio	肺炎,新冠肺炎
2020-04-22 23:30	1267454277/IEyq6zzXL	肺炎,新冠肺炎
2020-04-22 23:30	3423470610/IEyq6hPQm	肺炎,新冠肺炎
2020-04-22 23:29	5091536477/IEypY26z9	肺炎,新冠肺炎
2020-04-22 23:29	2026544132/IEypSFwx6	肺炎,新冠肺炎
2020-04-22 23:29	3964232262/IEypOiQcB	肺炎,冠状病毒,新冠肺炎
2020-04-22 23:28	5182171545/IEypikWEx	肺炎,新冠肺炎
2020-04-22 23:27	2760871913/IEypdiGXq	肺炎,新冠肺炎
2020-04-22 23:27	1688737862/IEyp2pl6X	肺炎,新冠肺炎
2020-04-22 23:26	3923531936/IEyoMpNtc	肺炎,新冠肺炎
2020-04-22 23:24	3095475601/IEyo2EPmv	肺炎,新冠肺炎
2020-04-22 23:24	3208521103/IEynFztEw	肺炎,新冠肺炎
2020-04-22 23:23	3208521103/IEynnxT01	肺炎,新冠肺炎
2020-04-22 23:23	2553794882/IEyngtfcZ	肺炎,新冠肺炎
2020-04-22 23:22	1710847164/IEyndcFwk	肺炎,新冠肺炎
2020-04-22 23:21	2166917253/IEymMB4Ro	肺炎,新冠肺炎
2020-04-22 23:21	3923531936/IEymM2WQX	肺炎,新冠肺炎
2020-04-22 23:20	3306720120/IEymo6Fpe	肺炎,新冠肺炎
2020-04-22 23:20	2166917253/IEym9iRej	肺炎,新冠肺炎
2020-04-22 23:20	2550409690/IEym5bBIe	肺炎,新冠肺炎
2020-04-22 23:20	1496814565/IEym3qfmn	肺炎,新冠肺炎
2020-04-22 23:18	2989386104/IEylmj8ZU	肺炎,新冠肺炎
2020-04-22 23:16	2740207591/IEykxts0W	肺炎,新冠肺炎
2020-04-22 23:16	5872828878/IEyktjRdS	肺炎,新冠肺炎
2020-04-22 23:15	3906187478/IEyknopqh	肺炎,新冠肺炎
2020-04-22 23:15	1893761531/IEyk2aiZ0	武汉,肺炎,新冠肺炎
2020-04-22 23:14	1617253461/IEyjZttsN	肺炎,新冠肺炎
2020-04-22 23:14	5645756008/IEyjVkfPV	肺炎,新冠肺炎
2020-04-22 23:14	3713925691/IEyjV2D1D	肺炎,新冠肺炎
2020-04-22 23:14	6559355371/IEyjU8Auc	肺炎,新冠肺炎
2020-04-22 23:14	3884144141/IEyjCr9Ij	肺炎,新冠肺炎
2020-04-22 23:14	1963863007/IEyjCa2aM	肺炎,新冠肺炎
2020-04-22 23:12	2801287904/IEyj2n2MH	肺炎,新冠肺炎
2020-04-22 23:10	6357465501/IEyihFyXJ	肺炎,新冠肺炎
2020-04-22 23:10	3030684621/IEyigemtB	肺炎,新冠肺炎
2020-04-22 23:10	5644848622/IEyie7I5k	肺炎,新冠肺炎
2020-04-22 23:10	6342606767/IEyhZDccL	肺炎,新冠肺炎
2020-04-22 23:09	3176679570/IEyhUnvdq	肺炎,新冠肺炎
2020-04-22 23:09	1884621782/IEyhO99yd	肺炎,新冠肺炎
2020-04-22 23:09	6776646880/IEyhzosH4	肺炎,新冠肺炎
2020-04-22 23:08	2183542485/IEyhu4oY1	肺炎,新冠肺炎
2020-04-22 23:08	3990183103/IEyhhlczO	肺炎,新冠肺炎
2020-04-22 23:08	1656831930/IEyhcCFF9	肺炎,新冠肺炎
2020-04-22 23:07	1636523605/IEyh4CuWj	肺炎,新冠肺炎
2020-04-22 23:05	5146178474/IEygb3Z0J	肺炎,新冠肺炎
2020-04-22 23:05	1736574887/IEygb3VFD	肺炎,新冠肺炎
2020-04-22 23:05	1422004821/IEygascXB	肺炎,新冠肺炎
2020-04-22 23:05	1214199295/IEyg376Vj	肺炎,新冠肺炎
2020-04-22 23:03	3427266082/IEyfjA9M4	肺炎,新冠肺炎
2020-04-22 23:03	7010131150/IEyfjyt4u	肺炎,新冠肺炎
2020-04-22 23:03	3427266082/IEyfbDpfo	肺炎,新冠肺炎
2020-04-22 23:03	3326110944/IEyfar1wm	肺炎,新冠肺炎
2020-04-22 23:03	3170247223/IEyf9vJyK	肺炎,新冠肺炎
2020-04-22 23:02	1112390091/IEyf7smAX	肺炎,新冠肺炎
2020-04-22 23:02	2709979734/IEyf6zDMm	肺炎,新冠肺炎
2020-04-22 23:02	3427266082/IEyf4fNQP	肺炎,新冠肺炎
2020-04-22 23:02	3063367827/IEyeYCHIR	肺炎,新冠肺炎
2020-04-22 23:02	5366876285/IEyeVEoZY	肺炎,新冠肺炎
2020-04-22 23:02	1843170992/IEyeVmIKX	肺炎,新冠肺炎
2020-04-22 23:02	2728474252/IEyePbBxG	肺炎,新冠肺炎
2020-04-22 23:02	3427266082/IEyePbAa2	肺炎,新冠肺炎
2020-04-22 23:02	5310373791/IEyeMeFNU	肺炎,新冠肺炎
2020-04-22 23:01	2241930180/IEyerctGa	肺炎,冠状病毒,新冠肺炎
2020-04-22 23:01	2709979734/IEyemuLep	肺炎,新冠肺炎
2020-04-22 23:00	2772291221/IEyehtsqX	肺炎,新冠肺炎
2020-04-22 23:00	2046895587/IEyedEuGa	肺炎,新冠肺炎
2020-04-22 23:00	1897723622/IEye54Eo1	肺炎,新冠肺炎
2020-04-22 23:00	3427266082/IEye1vX0n	肺炎,新冠肺炎
2020-04-22 23:00	1730097723/IEydZpCkH	肺炎,新冠肺炎
2020-04-22 23:00	1043320390/IEydWeeyv	肺炎,新冠肺炎
2020-04-22 23:00	2806170583/IEydWbase	肺炎,新冠肺炎
2020-04-22 23:00	3615971322/IEydWb7nu	肺炎,新冠肺炎
2020-04-22 23:00	2288064900/IEydWb6JB	肺炎,新冠肺炎
2020-04-22 23:00	6427957765/IEydV3b9g	肺炎,新冠肺炎
2020-04-22 23:00	5802482157/IEydV0TWC	肺炎,新冠肺炎
2020-04-22 22:59	5091536477/IEydS46Ed	肺炎,新冠肺炎
2020-04-22 22:59	5688313870/IEydRaJ2q	肺炎,新冠肺炎
2020-04-22 22:59	6869420340/IEydQ1PnE	肺炎,新冠肺炎
2020-04-22 22:59	3098609681/IEydKDjlb	肺炎,新冠肺炎
2020-04-22 22:59	1775080450/IEydI29hr	肺炎,新冠肺炎
2020-04-22 22:59	1659958915/IEydC5M7Q	肺炎,新冠肺炎
2020-04-22 22:59	5872213543/IEydAj1BN	肺炎,新冠肺炎
2020-04-22 22:59	5380292958/IEydx7ybx	肺炎,新冠肺炎
2020-04-22 22:58	7049154659/IEydtfOGt	肺炎,新冠肺炎
2020-04-22 22:58	1497722827/IEydsDwFH	肺炎,新冠肺炎
2020-04-22 22:58	5915215161/IEyds3ciK	肺炎,新冠肺炎
2020-04-22 22:58	5568283166/IEydrt2i2	肺炎,新冠肺炎
2020-04-22 22:58	1664208502/IEydkERJu	肺炎,新冠肺炎
2020-04-22 22:58	2678813753/IEydbdbP9	肺炎,新冠肺炎
2020-04-22 22:58	1931219195/IEydakBWD	肺炎,新冠肺炎
2020-04-22 22:57	5939969094/IEyd1t9dy	肺炎,新冠肺炎
2020-04-22 22:57	6128613951/IEycVfD3d	肺炎,新冠肺炎
2020-04-22 22:57	3174607285/IEycSiPLe	肺炎,新冠肺炎
2020-04-22 22:57	5750856274/IEycS2mt8	肺炎,新冠肺炎
2020-04-22 22:57	1958345371/IEycR6WlH	肺炎,新冠肺炎
2020-04-22 22:57	2813004031/IEycPm7KI	肺炎,新冠肺炎
2020-04-22 22:57	5442260276/IEycP5qXX	肺炎,新冠肺炎
2020-04-22 22:57	1356658417/IEycNzhTB	肺炎,新冠肺炎
2020-04-22 22:56	2260586131/IEycDgTGb	肺炎,新冠肺炎
2020-04-22 22:56	2472572320/IEycsjioT	肺炎,新冠肺炎
2020-04-22 22:56	1655238055/IEycm5Qye	肺炎,新冠肺炎
2020-04-22 22:56	1708533224/IEycigNrA	肺炎,新冠肺炎
2020-04-22 22:55	2657503842/IEycgaw5O	肺炎,新冠肺炎
2020-04-22 22:55	6200794717/IEycfyLZL	肺炎,新冠肺炎
2020-04-22 22:55	1244718447/IEyc4EdCf	肺炎,新冠肺炎
2020-04-22 22:55	3815966145/IEyc44SWK	肺炎,新冠肺炎
2020-04-22 22:55	1824056602/IEyc2i3R2	肺炎,新冠肺炎
2020-04-22 22:55	1847123567/IEyc1EMiS	肺炎,新冠肺炎
2020-04-22 22:55	6459251183/IEybWoH47	肺炎,新冠肺炎
2020-04-22 22:55	2661992301/IEybW5Bfs	武汉,肺炎,新冠肺炎
2020-04-22 22:55	1931219195/IEybU3KXa	肺炎,新冠肺炎
2020-04-22 22:54	5425579114/IEybM4bQz	肺炎,新冠肺炎
2020-04-22 22:54	1931219195/IEybJE8VC	肺炎,新冠肺炎
2020-04-22 22:54	5833977293/IEybJnX4S	肺炎,新冠肺炎
2020-04-22 22:54	2047299300/IEybG81vW	肺炎,新冠肺炎
2020-04-22 22:54	5559804050/IEybDsULs	肺炎,新冠肺炎
2020-04-22 22:54	3840901254/IEybzmmSu	肺炎,新冠肺炎
2020-04-22 22:53	1747927481/IEybpzTcX	肺炎,新冠肺炎
2020-04-22 22:53	1636523605/IEybp0JWp	肺炎,新冠肺炎
2020-04-22 22:53	5044690064/IEyblqLcB	肺炎,新冠肺炎
2020-04-22 22:53	2116076174/IEybafFns	肺炎,新冠肺炎
2020-04-22 22:52	3307503492/IEyaNraLj	肺炎,新冠肺炎
2020-04-22 22:52	1765900747/IEyaJ1Bnr	肺炎,新冠肺炎
2020-04-22 22:52	3929121882/IEyaG6mLb	肺炎,新冠肺炎
2020-04-22 22:51	2854991941/IEyaCgkb5	肺炎,新冠肺炎
2020-04-22 22:51	2709979734/IEyaxc8YB	肺炎,新冠肺炎
2020-04-22 22:51	6124545540/IEyaol6j4	肺炎,新冠肺炎
2020-04-22 22:51	5867527407/IEyamAuyM	肺炎,新冠肺炎
2020-04-22 22:51	3363163410/IEyahgdS6	肺炎,新冠肺炎
2020-04-22 22:51	5444672609/IEyagldGo	肺炎,新冠肺炎
2020-04-22 22:50	2708476577/IEya9yylZ	肺炎,新冠肺炎
2020-04-22 22:50	6059162597/IEya7f3uL	肺炎,新冠肺炎
2020-04-22 22:50	2310663307/IEya1kmu1	肺炎,新冠肺炎
2020-04-22 22:50	3952319369/IEy9UvXgO	肺炎,新冠肺炎
2020-04-22 22:50	2211027544/IEy9S7OkA	肺炎,新冠肺炎
2020-04-22 22:49	5523114978/IEy9Pt3m3	肺炎,新冠肺炎
2020-04-22 22:49	2898371051/IEy9MevgQ	肺炎,新冠肺炎
2020-04-22 22:49	5091536477/IEy9LjEQW	肺炎,新冠肺炎
2020-04-22 22:49	2150588714/IEy9K9WE4	肺炎,新冠肺炎
2020-04-22 22:49	1641532820/IEy9JibDb	肺炎,新冠肺炎
2020-04-22 22:49	1253207523/IEy9y5wUe	肺炎,新冠肺炎
2020-04-22 22:49	1937441827/IEy9s9FQ3	肺炎,新冠肺炎
2020-04-22 22:48	1252620313/IEy9pa2bM	肺炎,新冠肺炎
2020-04-22 22:48	3934942858/IEy9muVaR	肺炎,新冠肺炎
2020-04-22 22:48	1750353804/IEy9k9Dok	肺炎,新冠肺炎
2020-04-22 22:48	6474592106/IEy9jj4Du	肺炎,新冠肺炎
2020-04-22 22:48	3929121882/IEy9jfghV	武汉,肺炎,新冠肺炎
2020-04-22 22:48	1736261734/IEy9inUI4	肺炎,新冠肺炎
2020-04-22 22:48	1287555490/IEy9e04eW	肺炎,新冠肺炎
2020-04-22 22:48	2098268532/IEy9ccm5c	肺炎,新冠肺炎
2020-04-22 22:48	1686546714/IEy95FUMZ	肺炎,新冠肺炎
2020-04-22 22:48	1691156162/IEy92rqQ5	肺炎,新冠肺炎
2020-04-22 22:47	6083245339/IEy8YgkBM	肺炎,新冠肺炎
2020-04-22 22:47	1664208502/IEy8MuToX	肺炎,新冠肺炎
2020-04-22 22:47	6405076851/IEy8GiqXr	肺炎,新冠肺炎
2020-04-22 22:47	6405076857/IEy8Giq2G	肺炎,新冠肺炎
2020-04-22 22:47	5862055072/IEy8GhuDg	肺炎,新冠肺炎
2020-04-22 22:47	6586580858/IEy8FFOUT	肺炎,新冠肺炎
2020-04-22 22:47	5155570561/IEy8G0NWh	肺炎,新冠肺炎
2020-04-22 22:47	6167824365/IEy8EwJLp	肺炎,新冠肺炎
2020-04-22 22:46	6394933755/IEy8thY47	肺炎,新冠肺炎
2020-04-22 22:46	1632155184/IEy8pqier	肺炎,新冠肺炎
2020-04-22 22:46	5614308091/IEy8k7x44	肺炎,新冠肺炎
2020-04-22 22:46	3367737254/IEy8jeagY	肺炎,新冠肺炎
2020-04-22 22:45	1406355875/IEy86do2F	肺炎,新冠肺炎
2020-04-22 22:45	2109185642/IEy81saOO	肺炎,新冠肺炎
2020-04-22 22:45	2512432802/IEy80kzSK	肺炎,新冠肺炎
2020-04-22 22:45	2512432802/IEy7Td6gI	肺炎,新冠肺炎
